Date,Solution_BLOCKCHAIN_Papers,Solution_ACCESS_CONTROL_Papers,Solution_ENCRYPTION_Papers,Solution_SUPPLY_CHAIN_RISK_MANAGEMENT_Papers,Solution_IDENTITY_MANAGEMENT_Papers,Solution_DOUBLE_PATTERNING_LITHOGRAPHY_Papers,Solution_ML/DL_Papers,Solution_ANOMALY_DETECTION_Papers,Solution_CRYPTOGRAPHY_Papers,Solution_PENETRATION_TESTING_Papers,Solution_IDS/IPS_Papers,Solution_STATIC_ANALYSIS_Papers,Solution_DYNAMIC_ANALYSIS_Papers,Solution_MULTI_FACTOR_AUTHENTICATION_Papers,Solution_LEAST_PRIVILEGE_Papers,Solution_SESSION_MANAGEMENT_Papers,Solution_CAPTCHA_Papers,Solution_BLACKLISTING_Papers,Solution_RATE_LIMITING_Papers,Solution_GRAPHICAL_MODEL_Papers,Solution_HONEYPOT_Papers,Solution_SOFTWARE_DEFINED_NETWORK_Papers,Solution_GAME_THEORY_Papers,Solution_GRAPH_BASED_ML_Papers,Solution_WHITELIST_Papers,Solution_TRAFFIC_SHAPING_Papers,Solution_PACKET_FILTERING_Papers,Solution_BLACKHOLING_Papers,Solution_RANK_CORRELATION_Papers,Solution_D3NS_Papers,Solution_ID_RANDOMIZATION_Papers,Solution_STRONG_AUTHENTICATION_Papers,Solution_SSL/TLS_Papers,Solution_HTTPS_Papers,Solution_CONTINUOUS_AUTHENTICATION_Papers,Solution_IDENTITY_BASED_ENCRYPTION_Papers,Solution_DATA_SANITIZATION_Papers,Solution_OUTLIER_DETECTION_Papers,Solution_DATA_PROVENANCE_Papers,Solution_ADVERSARIAL_TRAINING_Papers,Solution_TRUSTWORTHY_AI_Papers,Solution_DEEP_PROBABILISTIC_MODEL_Papers,Solution_BAYESIAN_NETWORK_Papers,Solution_TROJAN_ISOLATION_Papers,Solution_HARDWARE_SANDBOXING_Papers,Solution_BEHAVIOR_BASED_DETECTION_Papers,Solution_FORMAL_VERIFICATION_Papers,Solution_SPLIT_MANUFACTURING_Papers,Solution_VULNERABILITY_MANAGEMENT_Papers,Solution_FILE_INTEGRITY_MONITORING_Papers,Solution_VPN_Papers,Solution_CSS_MATCHING_Papers,Solution_URI_MATCHING_Papers,Solution_PRIVACY_PRESERVING_Papers,Solution_SECURE_BOOT_Papers,Solution_MERKLE_SIGNATURE_Papers,Solution_LIVENESS_DETECTION_Papers,Solution_AUDIO_DEEPFAKE_DETECTION_Papers,Solution_3D_FACE_RECONSTRUCTION_Papers,Solution_BIOMETRICS_Papers,Solution_DIGITAL_WATERMARK_Papers,Solution_APPLICATION_WHITELISTING_Papers,Solution_DATA_BACKUPS_Papers,Solution_HIDDEN_MARKOV_MODEL_Papers,Solution_PATCH_MANAGEMENT_Papers,Solution_DATA_AUGMENTATION_Papers,Solution_DIMENSIONALITY_REDUCTION_Papers,Solution_DEFENSIVE_DISTILLATION_Papers,Solution_GRADIENT_MASK_Papers,Solution_RRAM_Papers,Solution_SPATIAL_SMOOTHING_Papers,Solution_NOISE_INJECTION_Papers,Solution_TAINT_ANALYSIS_Papers,Solution_NETWORK_SEGMENTATION_Papers,Solution_USER_BEHAVIOR_ANALYTICS_Papers,Solution_DECEPTION_TECHNOLOGY_Papers,Solution_RISK_ASSESSMENT_Papers,Solution_LOG_CORRELATION_Papers,Solution_DYNAMIC_RESOURCE_MANAGEMENT_Papers,Solution_SANDBOXING_Papers,Solution_DARKNET_MONITORING_Papers,Solution_VIRTUAL_KEYBOARDS_Papers,Solution_CODE_SIGNING_Papers,Solution_FILE_SIGNATURE_Papers,Solution_PUBLIC_KEY_INFRASTRUCTURE_Papers,Solution_VOICEPRINT_AUTHENTICATION_Papers,Solution_MUTUAL_AUTHENTICATION_Papers,Solution_PASSWORD_SALT_Papers,Solution_ONE_TIME_PASSWORD_Papers,Solution_DYNAMIC_BINARY_INSTRUMENTATION_Papers,Solution_ORTHOGONAL_OBFUSCATION_Papers,Solution_PASSWORD_HASHING_Papers,Solution_DNSSEC_Papers,Solution_CERTIFICATE_PINNING_Papers,Solution_SECURE_SIMPLE_PAIRING_Papers,Solution_VULNERABILITY_ASSESSMENT_Papers,Solution_SIEM_Papers,Solution_STANDARDIZED_COMMUNICATION_Papers,Solution_CONTROL_FLOW_INTEGRITY_Papers,Solution_VULNERABILITY_SCANNER_Papers,Solution_PASSWORD_STRENGTH_METERS_Papers,Solution_PASSWORD_MANAGEMENT_Papers,Solution_PASSWORD_POLICY_Papers,Solution_GRAPHICAL_AUTHENTICATION_Papers,Solution_DATA_LOSS_PREVENTION_Papers,Solution_DATA_LEAKAGE_DETECTION/PREVENTION_Papers,Solution_ACTIVITY_MONITORING_Papers,Solution_MOVING_TARGET_DEFENSE_Papers,Solution_KEYSTROKE_DYNAMICS_Papers,Solution_ATTACK_TREE_Papers,Solution_AUTOMATIC_VIOLATION_PREVENTION_Papers,Solution_DISTRIBUTED_LEDGERS_Papers,Solution_SOURCE_IDENTIFICATION_Papers,Solution_IMAGE_RECOGNITION_Papers,Solution_MAUVE_Papers,Solution_HYPERGAME_Papers,Solution_PREBUNKING_Papers,Solution_NLP/LLM_Papers
2011-07,0,38,46,0,1,0,10,4,105,1,17,3,4,0,0,0,1,0,0,0,0,0,7,0,0,0,0,1,1,0,0,1,1,0,0,2,1,0,1,0,0,0,5,0,0,0,2,0,0,0,2,0,0,2,0,0,0,0,0,11,1,0,0,3,2,0,1,0,0,0,0,0,0,0,0,0,36,0,0,1,0,0,0,0,5,0,7,0,2,0,0,1,0,0,0,2,0,0,0,0,0,0,0,0,1,0,0,0,1,1,0,0,0,1,0,0,0,0
2011-08,0,25,38,0,1,0,4,4,80,0,10,2,4,0,1,0,0,1,0,0,0,0,10,0,0,0,0,3,0,0,0,0,0,0,0,3,0,0,0,0,0,0,1,0,0,1,1,0,0,0,1,0,0,5,0,0,0,0,0,8,3,0,0,0,0,0,1,0,0,0,0,0,0,0,0,0,25,0,0,0,0,0,0,0,3,0,3,0,0,0,0,0,0,0,0,1,0,0,0,0,0,1,0,0,0,0,0,0,0,0,0,0,0,0,0,0,0,0
2011-09,0,33,58,0,2,0,7,5,98,1,20,3,3,0,0,0,1,1,0,0,0,0,6,0,0,0,0,0,1,0,0,4,2,0,0,5,0,0,0,0,0,0,6,0,0,1,2,0,0,0,1,0,0,7,0,0,0,0,0,7,1,0,0,1,0,0,0,0,0,0,0,0,1,0,0,0,34,0,0,2,0,1,0,0,3,0,7,0,0,1,0,0,0,0,0,0,0,0,0,0,0,0,0,0,1,0,2,0,0,0,0,0,1,0,0,0,0,1
2011-10,0,37,47,0,6,0,4,2,80,0,16,2,3,0,3,0,0,0,0,0,1,0,6,0,0,0,1,3,0,0,0,3,2,0,0,5,0,0,0,0,0,0,1,0,0,1,1,0,1,0,0,0,0,14,0,0,0,0,0,16,0,0,0,3,0,0,1,0,0,0,0,1,2,0,0,0,35,0,0,0,0,0,0,0,3,0,6,0,0,0,0,0,0,0,0,3,0,0,0,0,0,0,0,0,0,0,1,0,1,0,0,0,2,0,0,0,0,1
2011-11,0,27,47,0,5,0,0,3,76,1,14,1,3,0,0,0,0,0,1,0,1,0,1,0,0,0,1,0,0,0,0,1,2,0,0,3,0,1,0,0,0,0,2,0,0,1,1,0,0,0,3,0,0,18,0,0,0,0,0,18,0,0,0,0,0,0,1,0,0,0,0,0,0,0,0,0,31,0,0,0,0,0,0,0,1,0,4,0,2,0,0,0,0,0,0,1,0,0,0,0,0,0,0,1,1,0,0,0,0,0,0,0,0,1,0,0,0,0
2011-12,0,35,47,0,1,0,4,6,94,1,21,2,3,0,0,0,0,1,1,1,1,0,4,0,0,0,0,3,0,0,0,1,1,1,0,5,0,1,0,0,0,0,1,0,0,0,0,0,0,0,0,0,0,9,0,0,0,0,0,12,0,0,0,3,0,0,0,0,0,0,0,0,0,0,0,0,36,0,0,0,0,0,0,0,6,0,7,0,0,0,0,0,1,0,0,2,0,0,0,0,0,0,0,0,0,0,0,0,0,1,0,0,0,0,0,0,0,0
2012-01,1,45,80,0,8,0,6,4,148,1,26,2,7,1,0,1,1,2,0,0,2,0,13,0,0,0,1,4,0,0,0,2,4,2,0,4,0,0,1,0,0,0,4,0,0,0,1,0,0,0,2,0,0,12,0,0,2,0,0,26,1,0,1,2,0,0,0,0,0,0,0,0,2,0,1,0,88,0,0,1,0,0,0,0,3,0,13,0,0,0,0,0,0,0,0,4,2,0,0,0,0,0,0,1,0,0,0,0,0,0,0,0,0,0,0,0,0,1
2012-02,0,15,48,1,2,0,2,3,78,0,11,1,1,1,0,0,2,0,0,1,1,0,9,0,0,1,0,1,0,0,0,2,0,0,0,4,0,0,0,0,0,0,5,0,0,0,2,0,0,0,0,0,0,5,0,0,0,0,0,9,0,0,0,0,0,0,1,0,0,0,0,0,0,0,0,0,35,0,0,0,0,0,0,0,6,0,7,0,0,0,0,0,0,0,0,1,0,0,0,0,0,0,0,0,0,0,0,0,1,0,0,0,0,0,0,0,0,0
2012-03,0,21,51,1,0,0,4,4,87,0,10,1,1,0,0,0,2,0,1,0,1,0,5,0,0,0,0,1,0,0,0,0,4,0,0,3,0,0,0,0,0,0,1,0,0,0,1,0,0,0,1,0,0,16,0,0,0,0,0,7,0,0,0,0,0,0,1,0,0,0,0,0,0,0,0,0,43,0,0,1,0,0,0,0,2,0,9,0,0,0,0,0,0,0,0,2,0,0,0,1,0,0,0,0,0,1,0,0,0,0,0,0,0,0,0,0,0,0
2012-04,0,37,51,0,0,0,1,5,93,0,11,1,1,0,0,0,1,1,0,0,1,0,6,0,0,0,0,1,0,0,0,1,0,0,0,5,0,1,0,0,0,0,5,0,0,0,2,0,0,0,1,0,0,9,0,0,0,0,0,11,0,0,0,2,0,0,1,0,0,0,0,1,1,0,0,0,31,0,0,0,0,0,0,0,2,0,9,0,1,0,0,0,0,0,0,3,0,0,0,0,0,0,0,0,0,0,0,0,0,0,0,0,0,0,0,0,0,0
2012-05,0,16,46,0,0,0,2,3,71,0,7,1,2,0,1,0,0,1,0,0,0,0,6,0,0,0,0,0,1,0,0,0,0,0,0,3,0,1,0,0,0,0,1,0,0,1,2,0,0,0,0,0,0,10,0,0,0,0,0,12,0,0,0,0,0,0,0,0,0,0,0,0,1,0,0,0,37,0,0,0,0,0,1,0,7,0,5,0,1,0,0,0,0,0,0,0,0,0,0,0,0,0,0,0,0,0,0,0,1,0,0,0,0,3,0,0,0,1
2012-06,0,25,41,1,2,0,7,2,75,0,15,3,0,0,3,1,0,1,0,0,1,0,4,0,0,0,0,0,0,0,0,1,0,1,0,3,0,1,0,0,0,0,1,0,0,2,6,0,0,0,0,0,0,9,0,0,0,0,0,11,1,0,0,0,0,0,2,0,0,0,1,0,0,0,0,0,32,0,0,0,0,0,0,0,6,0,2,0,0,0,0,0,0,0,1,1,0,0,0,0,0,0,2,0,0,0,2,0,0,2,0,0,0,0,0,0,0,0
2012-07,0,36,65,0,3,0,3,7,95,0,21,0,1,0,1,1,0,2,0,0,1,0,5,0,0,0,0,1,0,0,0,0,0,0,0,2,0,1,0,0,0,0,2,0,0,0,8,0,0,0,0,0,0,5,0,0,1,0,0,10,0,0,0,0,0,0,1,0,0,0,1,0,0,0,0,0,35,0,0,0,0,0,0,0,2,0,9,0,0,0,0,0,2,0,0,0,0,0,0,0,0,0,0,0,0,0,0,0,0,0,0,0,0,0,0,0,0,4
2012-08,0,14,28,0,3,0,4,4,49,1,10,1,3,0,0,0,1,2,0,0,3,3,3,0,0,0,1,2,0,0,0,1,0,0,0,1,0,0,0,0,0,0,0,0,0,0,0,0,0,1,0,0,0,5,0,0,0,0,0,8,1,0,1,1,0,0,1,0,0,0,0,0,0,0,0,0,27,0,0,1,0,0,0,0,0,0,5,0,0,0,0,0,1,0,0,2,1,0,0,1,0,0,0,0,0,0,0,2,0,1,0,0,0,0,0,0,0,1
2012-09,0,26,76,0,0,0,6,4,116,0,22,1,4,0,0,0,0,1,0,0,0,0,6,0,0,0,1,2,0,0,0,1,1,1,1,4,0,0,0,0,0,0,3,0,0,1,0,0,1,0,3,0,0,14,0,0,0,0,0,15,1,0,0,1,0,0,0,0,0,0,0,0,0,0,0,0,41,0,0,0,0,0,0,0,3,0,8,0,0,0,0,0,0,0,0,2,1,0,0,0,0,0,0,0,0,0,1,0,0,1,0,0,0,1,0,0,0,0
2012-10,0,25,52,0,6,0,5,4,96,0,13,3,2,0,0,0,1,0,0,0,2,1,3,0,0,0,1,1,0,0,0,1,1,0,0,2,0,0,0,0,0,0,2,0,0,0,1,0,0,0,0,0,0,7,0,0,0,0,0,9,2,0,0,0,0,0,0,0,0,0,0,0,0,0,0,0,37,0,0,1,0,0,0,0,2,0,4,0,0,1,0,0,0,0,0,1,1,0,0,0,0,0,0,0,1,0,0,0,0,1,0,0,0,1,0,0,0,1
2012-11,0,20,46,0,0,0,2,3,83,0,11,1,0,0,1,0,0,0,0,1,1,0,2,0,0,0,0,1,0,0,0,1,2,0,0,3,0,1,0,0,0,0,2,0,0,0,0,0,0,0,2,0,0,6,0,0,0,0,0,11,0,0,0,0,0,0,0,0,0,0,0,0,0,0,0,0,25,0,0,0,0,0,0,0,3,0,7,0,0,0,0,0,0,0,0,3,0,0,0,0,0,0,0,0,1,0,0,0,0,0,0,0,1,0,0,0,0,1
2012-12,0,26,61,3,3,0,3,2,105,0,14,3,2,0,1,0,0,1,0,2,0,0,5,0,0,0,0,3,0,0,0,1,1,1,0,5,0,0,0,0,0,0,5,0,0,0,6,0,1,0,0,0,0,10,0,0,0,0,0,7,1,0,0,0,0,0,1,0,0,0,0,0,0,0,0,0,43,0,0,0,0,1,0,0,4,0,12,0,0,0,0,0,0,0,0,0,0,0,0,0,0,0,0,0,1,0,0,0,0,1,0,0,0,1,0,0,0,0
2013-01,0,39,76,5,10,0,13,5,140,2,23,1,3,0,0,0,1,0,0,0,1,0,8,0,0,0,1,0,0,0,0,0,0,0,0,2,0,0,0,0,0,0,1,0,0,0,2,0,2,0,0,0,0,5,0,0,1,0,0,46,0,0,0,1,0,0,0,0,0,0,0,0,1,1,0,0,56,0,0,1,0,0,0,0,6,0,7,0,1,0,0,0,0,0,0,11,10,0,0,0,0,0,0,1,0,0,0,0,0,0,0,0,1,1,0,0,0,3
2013-02,0,30,56,0,1,0,3,2,94,1,8,1,2,0,0,0,2,1,0,0,0,0,6,0,0,0,0,0,0,0,0,2,1,0,5,5,0,0,0,0,0,0,2,0,0,0,2,0,0,0,0,0,0,7,0,0,0,0,0,21,1,0,0,2,0,0,0,0,0,0,0,0,0,0,0,0,21,0,0,0,0,0,1,0,2,0,7,0,2,0,0,0,0,0,0,1,0,0,0,0,0,0,0,0,0,0,1,0,1,1,0,0,0,1,0,0,0,2
2013-03,0,29,67,5,0,0,4,6,81,0,12,3,0,1,0,0,0,0,0,0,0,0,3,0,0,0,1,0,0,0,0,0,0,0,0,5,1,1,0,0,0,0,2,0,0,0,3,0,0,0,0,0,0,13,0,0,0,0,0,14,0,0,0,2,0,0,0,0,0,0,0,0,0,0,0,0,30,0,0,0,0,0,0,0,3,0,6,0,0,0,0,0,0,0,1,1,0,0,0,1,0,1,1,0,0,1,0,0,0,0,0,0,0,0,0,0,0,0
2013-04,0,13,43,0,2,0,3,5,67,1,9,1,1,0,0,0,1,0,0,0,1,0,5,0,0,0,0,3,0,0,0,1,0,0,0,4,0,0,0,0,0,0,1,0,0,0,4,0,0,0,0,0,0,7,1,0,0,0,0,4,2,0,0,0,0,0,0,0,0,0,0,0,0,0,0,0,34,0,0,0,0,0,0,0,4,0,6,0,2,0,0,0,0,0,1,2,0,0,0,0,0,0,0,0,0,0,0,1,1,1,0,0,0,0,0,0,0,1
2013-05,0,22,43,0,2,0,9,1,98,0,13,1,2,0,1,0,0,0,0,1,1,0,6,0,0,0,0,0,0,0,0,1,2,0,0,1,0,0,0,0,0,0,4,0,0,1,2,0,0,0,1,0,0,8,0,0,0,0,0,7,0,0,0,1,0,0,1,0,0,1,0,0,0,0,0,0,39,0,0,0,0,0,0,0,4,0,5,0,0,0,0,1,0,0,0,0,0,0,0,0,0,0,0,0,0,0,0,0,0,1,0,0,0,1,0,0,0,2
2013-06,0,31,66,0,2,0,4,1,104,2,11,6,2,0,0,0,0,0,0,0,0,0,5,0,0,0,0,1,0,0,0,0,2,0,0,3,0,1,0,0,0,0,1,0,0,0,4,0,0,0,2,0,0,12,0,0,0,0,0,9,1,0,1,2,0,0,1,0,0,0,0,0,0,0,0,0,40,0,0,0,0,0,0,0,2,0,7,0,1,0,0,0,0,0,0,2,0,0,0,0,0,1,0,1,0,0,0,0,0,0,0,0,0,0,0,0,0,1
2013-07,0,19,33,0,0,0,3,2,75,5,11,1,1,0,0,1,0,0,0,0,2,0,6,0,0,0,0,0,0,0,0,0,1,0,0,1,0,1,0,0,0,0,2,0,0,0,1,0,0,0,0,0,0,3,0,1,0,0,0,12,0,0,0,0,0,0,0,0,0,0,0,0,0,0,0,0,31,0,0,0,0,0,0,0,3,0,4,0,2,0,0,0,0,0,0,3,0,0,1,1,0,0,0,0,0,0,0,0,0,1,0,0,0,1,0,0,0,1
2013-08,0,28,39,1,1,0,6,2,67,0,7,2,2,0,0,0,0,0,0,0,1,4,3,0,0,0,0,0,0,0,0,1,0,0,0,0,0,0,1,0,0,0,0,0,0,0,1,0,0,0,0,0,0,10,0,0,0,0,0,5,1,0,0,0,0,0,1,0,0,0,0,0,0,0,0,0,21,0,0,0,0,0,0,0,0,0,6,0,0,0,0,0,0,0,0,3,0,0,0,1,0,0,0,0,1,0,0,0,0,0,0,0,0,0,0,0,0,0
2013-09,0,22,51,0,5,0,2,0,90,2,12,1,0,1,0,0,2,0,0,0,1,0,6,0,0,0,0,1,0,0,0,1,1,0,0,1,0,1,0,0,0,0,1,0,0,0,2,0,0,0,0,0,0,5,1,0,0,0,0,13,0,0,0,0,0,0,0,0,0,0,0,0,0,1,0,0,43,0,0,0,0,0,0,0,2,0,11,0,2,0,0,0,0,0,0,5,0,0,0,0,0,0,0,0,0,0,0,0,0,0,0,0,0,1,0,0,0,1
2013-10,0,20,61,0,1,0,6,2,83,1,6,1,2,0,1,0,0,0,0,0,0,0,2,0,0,0,0,2,1,0,0,1,0,0,0,3,0,0,0,0,0,0,2,0,0,0,0,0,0,0,0,0,0,11,0,0,0,0,0,17,1,0,0,2,0,0,0,0,0,0,0,0,1,1,0,0,24,0,0,1,0,0,0,0,1,0,6,0,1,0,0,0,0,0,0,0,0,0,0,1,0,0,0,0,1,0,0,0,0,0,0,0,0,0,0,0,0,0
2013-11,0,30,74,0,3,0,4,3,125,2,21,0,1,1,0,1,0,1,0,0,1,1,6,0,0,0,1,2,0,0,0,4,3,1,2,3,0,1,1,0,0,0,3,0,0,0,3,0,0,0,0,0,0,18,0,0,0,0,0,11,0,0,0,1,0,0,1,0,0,0,0,0,0,0,0,0,38,0,0,1,0,0,0,0,1,0,13,0,0,0,0,0,0,0,0,1,2,0,0,0,0,1,0,0,1,0,0,0,0,0,0,0,1,0,0,0,0,1
2013-12,0,21,62,0,2,0,5,8,86,1,20,2,1,0,0,0,1,1,0,0,2,1,7,0,0,0,1,0,1,0,0,2,2,0,0,2,0,1,0,0,0,0,4,0,0,0,2,0,0,1,0,0,0,17,1,0,0,0,0,12,1,0,0,1,0,0,0,0,0,0,0,0,0,0,0,0,48,0,0,0,0,0,1,0,6,0,9,0,0,0,0,2,1,0,0,6,1,0,0,1,0,0,0,0,0,0,0,0,2,0,0,0,0,0,0,0,0,1
2014-01,8,52,158,2,5,0,28,10,242,4,36,6,1,0,2,1,0,1,0,2,2,1,16,0,0,0,1,3,1,0,0,4,5,1,1,6,0,2,1,1,0,0,6,0,0,2,5,0,0,0,3,0,0,35,0,0,0,0,0,32,0,1,1,2,0,0,3,0,0,0,0,0,0,2,0,0,100,0,1,0,0,0,0,0,11,0,15,0,0,0,0,0,3,0,0,1,4,0,1,1,0,0,0,1,0,1,1,0,0,1,0,0,1,1,0,0,0,0
2014-02,1,40,101,0,2,0,7,11,157,4,31,5,2,2,0,2,1,0,0,0,2,2,18,0,0,0,1,5,0,0,0,2,1,0,0,4,0,2,1,0,0,0,5,0,0,1,1,0,1,0,2,0,0,17,0,0,0,0,0,17,1,0,1,1,0,0,3,0,0,0,0,1,0,0,0,0,40,0,0,0,0,1,0,0,7,0,11,0,0,0,0,0,3,0,0,5,1,0,0,1,0,0,0,0,0,0,0,0,1,2,0,0,0,0,0,0,0,1
2014-03,0,59,114,0,6,0,17,7,155,1,42,3,2,0,1,0,3,1,1,1,1,2,10,0,0,1,2,1,1,0,0,4,1,2,0,2,0,0,0,0,0,0,3,0,0,0,5,0,0,0,2,0,0,16,0,0,1,0,0,16,2,0,0,0,0,0,1,0,0,0,0,0,3,0,0,0,53,0,0,0,0,0,0,0,4,0,12,0,1,1,0,0,0,0,0,1,0,0,0,1,0,0,1,0,0,1,1,4,0,3,0,0,0,2,0,0,0,2
2014-04,0,45,77,0,3,0,10,5,116,0,25,1,3,0,0,1,2,0,0,1,0,1,9,0,0,0,0,1,0,0,0,2,1,1,0,4,0,1,0,0,0,0,1,0,0,0,0,0,0,0,0,0,0,18,0,0,0,0,0,16,0,0,0,2,1,0,0,0,0,0,0,0,1,0,0,0,52,0,0,0,0,0,0,0,4,1,8,0,0,0,0,0,1,0,0,0,0,0,0,2,0,0,0,0,1,0,0,4,2,4,0,0,1,1,0,0,0,2
2014-05,0,23,72,0,2,0,8,3,118,0,20,0,1,0,1,0,0,0,0,0,0,0,6,0,0,0,0,0,0,0,0,1,2,1,0,3,1,0,0,0,0,0,3,0,0,0,3,0,0,0,0,0,0,7,0,0,1,0,0,6,0,0,0,2,0,0,0,0,0,0,0,0,0,0,0,0,25,0,0,0,0,0,0,0,5,0,10,0,0,0,0,0,2,0,0,1,1,0,1,1,0,0,0,0,0,0,0,1,0,1,0,0,0,3,0,0,0,0
2014-06,0,37,80,0,5,0,17,6,130,2,12,5,8,0,1,0,2,0,0,0,0,1,8,0,0,0,0,0,0,0,0,2,2,2,1,0,0,0,1,0,0,0,4,0,0,0,0,0,1,0,1,0,0,19,0,0,0,0,0,24,1,1,1,1,0,0,0,0,0,0,0,0,1,0,0,0,47,0,0,0,0,0,0,0,3,0,7,0,0,0,0,0,0,0,0,5,0,0,2,1,1,2,0,0,0,0,0,0,0,0,0,0,0,0,0,0,0,2
2014-07,0,30,76,2,1,0,6,6,119,2,13,5,1,1,1,0,0,0,0,1,0,0,6,0,0,0,1,0,1,0,0,0,1,0,0,3,0,1,0,0,0,0,3,0,0,0,2,0,0,2,0,0,0,19,0,0,0,0,0,8,0,0,0,0,0,0,0,0,0,0,0,0,1,0,1,0,51,0,0,0,0,0,0,0,4,0,10,0,0,0,0,0,0,0,0,1,1,0,0,2,0,0,0,0,0,0,0,1,1,0,0,0,1,1,0,0,0,2
2014-08,0,26,79,1,1,0,9,3,107,2,11,5,2,1,0,0,2,0,0,1,0,2,4,0,0,0,0,1,0,0,0,2,1,1,0,3,0,0,0,0,0,0,1,0,0,0,5,1,0,0,0,0,0,20,0,0,0,0,0,8,0,0,0,3,0,0,0,0,0,0,0,0,1,0,0,0,30,0,0,0,0,0,0,0,7,0,8,0,0,0,0,0,0,0,0,2,1,0,1,0,0,0,0,0,0,0,0,0,0,1,0,0,1,0,0,0,0,4
2014-09,0,64,137,2,5,0,22,14,231,2,48,10,7,1,1,1,5,3,0,3,4,2,11,0,0,0,0,4,1,0,0,7,5,3,0,4,0,0,0,0,0,0,2,0,0,0,9,0,0,0,3,0,0,44,0,0,1,0,1,31,0,0,2,0,0,0,2,0,0,0,0,0,1,0,0,0,61,0,0,0,0,0,0,0,3,0,12,0,1,0,0,0,0,0,0,2,2,0,0,2,0,0,0,0,1,0,0,3,2,1,0,0,0,2,0,0,0,6
2014-10,0,57,178,0,2,0,23,16,285,4,63,8,4,3,1,0,2,0,0,4,7,8,5,0,0,0,1,7,1,0,0,6,5,3,1,4,0,1,0,0,0,0,11,0,0,0,6,0,0,0,3,0,0,26,0,1,1,0,0,45,0,0,1,6,0,0,1,0,0,0,0,0,3,0,0,0,67,0,0,0,0,0,1,0,8,0,14,0,2,1,0,0,1,1,0,7,1,1,1,6,0,0,0,0,0,1,0,1,3,2,0,0,0,0,0,0,0,2
2014-11,1,59,192,2,5,0,33,16,306,1,67,14,6,2,2,1,2,0,2,1,3,3,17,0,0,0,2,9,0,0,0,2,6,7,3,5,0,0,2,1,0,0,7,0,0,0,5,0,0,0,2,0,0,46,0,0,0,0,0,32,0,0,1,6,0,0,3,0,0,0,0,0,3,0,0,0,74,0,0,2,0,0,3,0,9,0,13,0,5,1,0,0,2,0,0,12,0,0,2,2,1,0,0,0,0,2,0,10,3,1,0,1,1,3,0,0,0,4
2014-12,0,77,179,1,12,0,31,28,358,1,68,13,10,2,3,1,5,1,1,0,9,9,17,0,0,0,0,3,2,0,0,3,2,3,1,9,1,0,4,0,0,0,11,0,0,1,10,0,1,0,4,0,0,42,0,0,6,0,0,53,5,0,1,4,0,0,3,0,0,0,0,1,3,0,1,0,87,0,0,0,0,1,1,0,7,0,16,0,4,0,0,0,3,0,0,11,2,0,0,5,0,1,1,0,0,1,0,1,2,2,0,0,0,3,0,0,0,5
2015-01,0,82,180,1,9,0,28,14,299,6,61,8,6,1,0,3,2,1,0,1,3,4,18,0,0,0,3,6,2,0,0,0,2,2,1,5,1,1,3,0,0,0,4,0,0,0,4,0,1,0,0,0,0,34,1,0,2,0,0,41,0,0,0,2,0,0,2,0,0,2,0,0,2,0,0,0,90,0,0,2,0,0,0,0,5,0,23,0,2,0,0,1,2,0,0,13,1,0,1,1,0,0,1,0,1,0,0,6,4,1,0,1,1,1,0,1,0,2
2015-02,0,43,112,1,2,0,16,5,186,2,23,6,5,3,0,0,0,0,0,0,1,4,18,0,0,0,0,5,0,0,0,4,1,1,1,6,1,3,0,0,0,0,8,0,0,0,1,0,0,0,0,0,0,19,0,1,0,0,0,22,2,0,2,2,1,0,1,0,0,2,0,0,1,0,0,0,34,0,0,1,0,0,0,0,5,0,7,0,1,0,0,0,0,0,0,8,0,0,1,1,0,0,0,0,0,1,0,0,2,0,0,0,0,2,0,0,0,0
2015-03,1,38,104,2,4,0,12,20,170,3,29,8,5,0,1,1,4,1,1,0,1,5,10,0,0,0,0,5,0,0,0,2,1,2,1,7,0,0,0,0,0,0,2,0,0,0,3,0,0,0,2,0,0,15,0,0,0,0,0,29,1,1,0,2,0,0,1,0,0,1,0,1,0,1,0,0,59,0,0,1,0,1,0,0,9,0,17,0,1,2,0,1,1,0,0,4,0,0,1,1,0,1,0,1,0,1,0,1,2,0,0,0,0,0,0,0,0,1
2015-04,1,52,128,1,4,0,24,13,227,0,33,11,7,1,1,0,4,1,2,2,4,4,8,0,0,0,0,4,0,0,0,3,4,2,1,8,0,2,1,0,0,0,5,0,0,0,5,0,0,0,0,0,0,24,0,0,3,0,0,21,1,0,0,4,1,0,0,0,0,1,0,0,2,0,1,0,54,0,1,1,0,0,0,0,7,0,9,0,1,0,0,0,0,0,0,3,0,0,3,0,1,1,2,0,0,0,0,0,4,1,0,0,0,3,0,0,0,8
2015-05,0,36,95,2,2,0,11,9,156,2,23,4,4,0,0,2,0,1,0,1,1,0,8,0,0,0,0,3,1,0,0,4,0,1,1,5,0,1,1,0,0,0,4,0,0,0,2,0,0,0,2,0,0,17,0,0,1,0,0,24,2,0,0,3,0,0,0,0,0,0,0,0,0,0,0,0,58,0,0,0,0,0,0,0,0,0,3,0,1,0,0,0,0,0,0,3,1,0,0,0,1,0,1,0,2,0,0,1,0,0,0,0,0,2,0,0,0,1
2015-06,0,64,131,0,7,0,27,14,223,1,29,8,7,5,2,0,2,1,2,2,1,9,17,0,0,0,1,2,0,0,0,5,4,1,3,2,0,1,2,0,0,0,8,0,0,0,7,1,0,0,3,0,0,19,0,0,1,0,0,53,1,0,0,6,0,0,1,0,0,1,1,0,3,1,0,0,75,0,0,1,0,0,0,0,8,0,6,0,2,0,0,1,0,0,0,7,2,0,0,0,0,0,0,0,0,0,0,1,2,1,0,0,1,3,0,0,0,6
2015-07,3,60,180,0,5,0,31,12,302,1,52,11,8,0,3,0,5,0,4,0,4,6,28,0,0,0,3,9,0,0,0,1,6,3,0,2,1,1,1,1,0,0,7,0,0,0,10,0,1,0,2,0,0,41,1,0,0,0,1,36,2,0,0,4,1,0,1,0,0,0,0,0,4,0,0,0,61,0,0,0,0,2,0,0,4,0,15,0,4,1,0,0,0,0,1,3,5,0,4,1,0,0,1,0,1,0,1,0,1,0,0,0,0,4,0,0,0,7
2015-08,0,73,202,1,10,0,34,16,305,5,59,16,8,2,1,1,4,2,0,1,3,8,15,0,0,2,0,3,1,0,0,5,10,5,0,3,0,2,1,0,0,0,8,0,0,0,2,1,0,1,3,0,0,38,0,0,1,0,0,40,1,0,0,7,0,0,1,0,0,0,0,0,4,0,0,0,79,0,0,3,0,0,2,0,12,0,13,0,4,0,0,1,4,0,0,6,2,0,0,0,0,0,0,1,0,1,1,0,0,0,0,0,1,5,0,0,0,5
2015-09,0,80,209,0,5,0,42,21,359,2,59,18,19,4,2,0,6,0,0,2,10,14,32,0,0,0,0,6,1,0,0,6,5,3,1,7,1,1,4,0,0,0,8,0,0,2,7,0,0,0,3,0,0,52,1,0,2,0,0,47,3,0,1,3,0,0,0,0,0,0,0,0,3,0,1,0,73,0,0,1,1,0,2,0,12,0,20,0,7,1,0,1,1,1,0,2,0,0,0,0,0,0,0,0,0,1,2,1,2,2,0,0,0,2,0,0,0,1
2015-10,1,91,221,0,5,0,39,21,340,4,60,18,17,4,1,3,2,0,2,1,8,10,17,0,0,0,3,1,1,0,0,5,6,4,3,7,1,0,1,1,0,0,12,0,0,0,11,0,0,0,2,0,0,47,1,0,1,0,0,34,1,0,1,11,0,1,5,0,0,0,0,1,3,0,0,0,60,0,0,6,0,1,0,0,7,0,11,0,4,1,0,0,1,0,0,7,1,0,5,2,0,0,3,0,0,1,1,12,3,2,0,0,1,5,0,1,0,8
2015-11,0,70,151,1,5,0,31,20,233,4,49,9,5,1,0,0,3,0,1,3,0,5,4,0,0,0,3,8,0,0,0,1,1,2,3,2,0,2,1,1,0,0,9,0,0,0,5,0,1,0,1,0,0,32,0,0,1,0,0,34,0,0,1,3,1,0,1,0,0,0,0,0,3,0,0,0,68,0,0,0,0,1,0,0,6,0,25,0,2,0,0,0,0,0,0,3,3,1,0,3,0,0,0,0,1,3,1,0,1,0,0,0,0,3,0,0,0,1
2015-12,0,117,237,2,7,0,63,30,357,2,66,11,8,3,3,0,7,2,0,3,5,15,25,0,0,0,0,3,1,0,0,2,7,3,4,6,1,2,2,0,0,0,9,0,1,0,6,0,1,0,4,0,0,47,3,0,1,0,0,60,0,0,3,7,0,1,2,0,0,1,0,0,0,1,1,0,99,0,1,3,0,1,0,0,14,0,16,0,3,2,0,1,0,0,0,6,2,0,3,3,0,0,0,2,0,2,2,4,1,4,0,0,1,1,0,0,0,24
2016-01,3,106,231,4,13,0,40,15,369,6,76,13,7,3,1,0,2,1,1,0,1,5,19,0,0,1,2,15,1,0,0,4,5,1,0,11,1,2,0,1,0,0,12,0,0,0,7,0,0,0,6,0,0,36,1,0,0,0,1,44,5,0,2,1,0,0,3,0,0,1,1,2,3,0,1,0,126,0,0,0,0,1,1,1,2,0,25,0,7,0,0,0,1,0,0,11,4,0,0,1,0,0,1,1,0,0,0,2,2,1,0,1,0,4,0,0,0,2
2016-02,1,49,161,0,2,0,20,16,230,2,32,5,4,3,1,0,4,0,0,0,2,7,8,0,0,1,1,7,0,0,0,6,3,1,0,9,1,1,1,0,0,0,6,0,0,0,2,0,0,0,4,0,0,35,0,0,0,0,0,30,1,0,1,1,0,0,6,0,0,0,0,0,2,0,0,0,56,0,0,2,0,2,0,0,5,0,16,0,2,0,0,1,0,0,0,9,1,0,2,1,0,1,0,0,0,2,1,0,3,0,0,0,2,2,0,0,0,3
2016-03,1,69,204,2,7,0,41,22,331,6,61,11,14,3,0,1,4,0,0,1,5,9,14,0,0,0,3,14,0,0,0,1,2,1,4,6,0,2,1,1,0,0,8,0,0,0,10,0,0,0,3,0,0,33,0,0,1,0,0,46,3,0,0,1,0,0,3,0,0,1,0,0,2,0,0,0,67,0,0,1,0,0,1,0,8,0,12,0,3,0,0,0,0,0,0,4,1,0,2,5,0,0,1,0,0,0,1,5,5,2,0,0,0,1,0,0,0,3
2016-04,2,54,141,0,8,0,28,11,230,6,42,6,6,4,0,1,2,0,1,0,3,9,15,0,0,0,1,3,2,0,0,2,2,1,0,5,0,1,0,0,0,0,2,0,0,0,5,1,1,0,3,0,0,39,2,0,0,0,0,23,2,0,2,2,0,0,1,0,0,5,0,0,0,0,0,0,50,1,0,0,0,0,0,0,6,0,10,0,3,0,0,0,0,0,0,6,1,0,1,0,0,0,0,0,0,0,0,2,0,0,0,0,1,3,0,0,0,0
2016-05,2,73,177,2,4,0,30,15,238,2,29,12,10,2,0,1,6,1,2,1,4,5,12,1,0,0,0,6,0,0,0,3,2,1,1,2,0,1,0,0,0,0,8,0,0,0,5,1,2,0,3,0,0,35,0,0,1,0,0,42,1,1,0,2,0,0,1,0,0,5,0,0,4,0,0,0,66,0,0,0,0,0,0,0,6,0,12,0,2,0,0,0,0,0,0,6,0,0,2,2,0,0,3,0,0,1,1,2,2,1,0,0,0,3,0,0,0,5
2016-06,0,71,186,1,5,0,44,32,298,10,50,10,7,1,1,0,4,0,0,1,2,19,21,0,0,0,0,2,0,0,0,3,2,4,2,6,0,3,1,0,0,0,5,0,0,0,8,0,0,0,2,0,0,29,0,0,1,0,0,32,2,0,2,6,0,0,2,0,0,2,0,0,0,0,0,0,60,0,0,1,0,1,0,0,5,0,16,0,3,1,0,0,0,1,1,5,0,0,4,2,0,0,0,0,0,0,2,1,4,1,0,0,2,3,0,0,0,1
2016-07,4,107,264,3,4,0,60,33,443,10,88,16,5,3,1,0,7,0,1,2,5,15,27,0,0,0,1,9,0,1,0,1,5,3,1,12,0,3,0,0,0,0,8,0,0,0,16,0,0,0,5,0,0,63,0,0,6,0,0,59,1,0,0,5,0,0,0,0,0,3,0,1,1,0,2,0,70,0,3,0,0,0,0,0,15,0,30,0,5,0,0,1,0,0,0,3,2,0,2,2,0,1,3,0,1,0,0,5,2,4,0,0,2,3,0,0,0,5
2016-08,3,77,222,3,6,0,38,23,320,4,49,14,10,5,3,0,2,0,1,1,3,10,10,0,0,0,3,10,0,0,0,5,8,2,2,8,0,4,1,1,0,0,5,0,0,1,9,0,0,0,2,0,0,50,4,0,3,0,0,55,0,0,3,3,0,0,1,1,0,0,0,1,4,0,1,0,71,0,0,2,0,1,0,0,6,0,9,0,2,1,0,1,1,0,1,7,0,0,0,1,0,1,0,0,1,0,1,3,5,1,0,0,0,2,0,0,0,6
2016-09,4,85,213,0,7,0,44,19,329,8,56,6,2,1,1,0,3,1,1,0,4,22,18,0,0,0,2,19,1,0,0,2,5,1,2,5,0,3,2,0,0,0,4,0,0,0,6,0,0,0,5,0,0,41,1,0,1,0,0,51,4,0,0,3,0,0,2,0,0,2,0,0,1,0,0,0,73,0,0,1,0,0,0,0,10,0,14,0,3,0,0,2,0,0,0,9,0,0,1,1,0,1,1,0,0,0,1,7,2,3,0,0,1,3,0,0,0,2
2016-10,12,87,256,0,5,0,64,38,367,3,71,14,9,3,4,2,4,1,2,0,9,12,19,0,0,2,1,6,0,0,0,5,6,7,2,7,1,3,3,1,0,0,13,0,0,0,5,4,3,0,2,0,0,48,0,0,0,0,0,51,1,1,0,6,1,0,0,0,0,0,0,0,5,0,0,0,68,0,0,3,0,0,0,0,7,0,17,0,6,0,0,1,3,0,0,8,0,0,2,2,1,1,1,2,0,2,1,10,4,4,0,0,1,4,0,0,0,4
2016-11,2,98,246,0,2,0,52,23,419,2,73,12,5,3,0,1,0,1,1,1,5,14,20,0,0,0,2,3,0,0,0,6,7,8,3,6,0,2,1,0,0,0,8,0,0,0,8,1,2,0,7,0,0,50,1,0,1,0,0,65,2,1,1,3,0,0,3,0,0,3,0,1,0,1,0,0,56,0,0,0,0,0,2,1,8,0,20,0,7,0,0,0,1,0,1,3,2,1,1,1,0,0,0,0,0,0,0,2,1,3,0,1,1,3,0,0,0,8
2016-12,9,103,289,0,7,0,70,41,444,5,94,18,6,5,0,0,10,0,2,1,6,23,26,0,0,1,2,12,2,0,0,4,8,2,7,12,0,3,1,0,0,0,7,0,0,0,13,0,0,0,3,0,0,64,2,0,3,0,0,66,2,0,0,4,1,1,1,0,0,0,0,0,7,2,1,0,85,0,0,0,1,1,1,0,17,0,33,0,12,0,0,1,2,1,0,5,1,0,0,4,0,0,0,1,0,1,3,8,3,4,0,2,0,3,0,0,0,3
2017-01,6,140,259,3,10,1,62,23,438,12,91,15,9,4,1,2,0,4,3,1,5,20,24,0,0,0,0,10,0,0,0,2,11,3,4,8,0,4,5,0,0,0,4,0,2,1,12,6,1,0,4,0,0,41,1,0,3,0,0,94,2,1,0,6,0,0,2,0,0,2,0,0,0,1,0,0,114,0,0,4,1,0,1,0,10,0,7,0,4,0,0,0,1,0,0,17,4,0,1,4,0,3,0,0,0,1,3,5,4,2,0,1,0,6,0,0,0,8
2017-02,1,69,189,0,4,0,46,29,304,6,56,8,5,1,1,1,4,2,1,0,5,12,21,0,0,0,0,2,0,0,0,5,4,2,6,6,0,0,1,0,0,0,6,0,0,0,7,1,0,0,1,0,0,42,0,0,0,0,0,45,0,0,1,2,0,0,4,0,0,2,0,0,3,1,1,0,59,0,0,1,0,0,1,0,7,0,8,0,6,0,0,0,0,0,0,6,2,0,1,3,0,1,0,1,1,1,0,2,1,1,0,1,1,3,0,0,0,6
2017-03,9,85,215,1,6,0,45,19,312,3,62,14,7,3,0,0,2,0,0,0,4,19,16,0,0,0,3,8,1,0,0,4,4,0,4,2,0,0,0,1,0,0,2,0,0,0,8,0,1,1,2,0,0,29,1,0,1,0,0,42,2,0,1,3,0,0,3,0,0,1,0,1,1,0,1,0,73,0,0,1,0,0,2,0,6,0,13,0,4,0,0,1,0,0,0,4,2,0,1,2,0,0,0,1,1,1,1,6,3,3,0,0,1,1,0,0,0,4
2017-04,7,52,184,1,7,0,35,18,267,1,65,9,6,0,0,0,4,1,1,1,9,4,24,0,0,0,0,6,0,0,0,1,6,5,4,3,0,1,3,0,0,0,8,0,0,0,7,0,0,0,2,0,0,36,0,0,0,0,0,33,2,0,1,1,0,0,5,0,0,0,0,0,1,1,0,0,51,0,0,2,0,0,1,0,5,0,13,0,4,0,0,0,2,0,0,6,1,0,2,2,0,0,1,1,0,3,2,9,0,3,0,0,0,1,0,0,0,2
2017-05,12,65,204,4,0,0,44,22,332,2,49,8,5,3,3,0,1,0,0,0,2,11,15,0,0,1,0,2,0,0,0,3,3,5,3,5,0,1,1,0,0,0,7,0,0,1,8,2,0,0,3,0,0,29,0,0,0,0,0,45,1,0,1,0,2,1,0,0,0,2,0,0,2,0,2,0,55,0,0,1,0,0,0,0,7,0,14,0,1,0,0,0,0,0,0,4,0,0,3,2,0,0,1,2,0,2,1,7,2,0,0,1,0,2,0,0,0,4
2017-06,25,100,233,3,7,0,81,23,396,3,77,15,12,5,4,0,4,2,1,2,5,20,38,0,0,0,0,7,0,0,0,3,8,6,4,6,0,3,1,0,0,0,5,0,0,0,14,0,1,0,4,0,0,53,0,0,5,0,0,68,2,0,1,4,0,2,4,1,0,4,0,2,2,0,1,0,71,0,0,2,0,1,1,0,12,1,14,0,7,0,0,3,1,0,0,9,3,0,2,1,0,0,0,0,0,0,3,0,4,5,0,3,0,7,0,0,0,4
2017-07,52,206,602,1,18,0,183,81,880,12,190,35,21,8,3,0,11,6,0,3,17,40,40,1,0,1,6,27,0,0,0,11,11,11,5,8,0,8,4,2,0,0,18,0,0,3,10,3,2,0,15,0,0,122,2,0,7,0,2,152,3,0,0,7,0,2,12,0,0,4,0,1,5,0,3,0,107,0,1,2,0,0,3,0,22,0,27,0,10,0,0,2,1,0,0,15,8,1,3,6,0,6,0,1,0,2,2,6,5,2,0,6,2,12,0,0,0,10
2017-08,11,62,168,1,4,0,50,14,288,2,50,19,12,0,2,0,0,1,1,1,3,15,15,0,0,0,2,5,0,0,0,1,4,2,5,4,0,0,2,0,0,0,13,0,0,0,7,0,1,0,0,0,0,47,2,0,0,0,0,23,0,0,1,5,0,2,1,0,0,1,0,1,3,0,2,0,55,0,0,2,0,0,0,0,9,0,14,0,1,1,0,0,2,0,1,9,1,0,2,1,0,0,0,1,0,0,1,2,1,1,0,2,2,4,0,0,0,7
2017-09,28,104,254,0,5,1,64,22,405,3,57,20,15,4,3,0,2,0,0,1,4,21,28,0,0,0,0,4,0,0,0,4,5,4,1,5,0,2,3,0,0,0,7,0,0,0,13,0,1,0,4,0,0,75,1,0,1,0,0,39,1,0,2,4,0,1,1,0,0,3,0,0,5,0,0,0,88,0,0,1,0,0,0,0,7,0,18,0,3,0,0,2,3,0,0,5,3,0,0,2,1,1,0,0,2,0,1,4,2,6,0,2,1,2,0,0,0,4
2017-10,28,129,347,1,8,0,113,41,530,2,101,16,12,3,3,1,4,5,1,3,6,28,32,0,0,0,2,7,2,0,0,3,3,4,3,11,1,4,1,3,0,0,12,0,0,0,12,0,0,0,7,0,0,73,0,0,5,0,0,62,1,1,0,7,5,3,6,0,0,3,1,4,5,0,1,0,106,0,0,1,0,0,1,0,12,0,22,0,5,2,0,1,0,2,0,6,2,0,6,1,1,4,0,2,0,2,2,21,2,0,0,4,1,6,0,0,0,7
2017-11,36,98,249,1,6,0,89,36,419,6,92,20,10,9,4,1,4,3,1,1,3,28,14,0,0,0,0,5,3,0,0,4,5,7,1,4,0,5,3,3,0,0,7,0,0,0,8,0,1,0,4,0,0,51,0,0,0,0,0,52,4,0,0,2,0,0,0,0,0,3,0,0,1,0,1,0,88,0,0,0,0,1,0,0,19,0,26,0,2,0,0,0,1,1,0,4,4,0,1,1,0,0,2,0,1,2,4,3,1,2,0,2,0,6,0,0,0,3
2017-12,48,109,304,1,3,0,104,43,468,4,89,13,16,2,1,1,5,2,1,3,11,26,28,0,0,1,1,1,1,0,0,4,6,3,1,6,0,4,4,1,1,0,12,0,0,0,7,3,1,0,3,0,0,60,3,0,2,0,0,50,2,0,0,4,1,1,2,0,0,0,0,0,1,1,2,0,88,0,0,2,0,1,0,0,6,0,20,0,4,0,0,0,2,2,0,9,1,0,2,3,0,1,4,1,0,0,1,12,2,6,0,3,1,3,0,0,0,14
2018-01,41,93,214,3,8,0,67,15,341,7,61,7,7,6,1,1,3,1,1,0,3,10,32,0,0,0,3,3,0,0,0,4,2,2,3,5,0,1,0,0,0,0,10,0,0,0,9,0,4,1,4,0,0,27,0,0,2,0,0,45,1,0,0,5,1,1,4,0,0,3,0,0,1,0,0,0,108,0,0,0,0,1,0,0,5,0,18,0,0,0,0,0,1,0,1,14,3,0,1,2,0,0,0,0,0,0,3,6,2,4,0,7,0,5,0,0,0,3
2018-02,15,39,132,3,3,0,44,16,217,3,35,3,2,3,1,0,0,0,0,0,3,4,17,0,0,0,0,1,0,0,0,1,1,0,1,4,0,0,1,4,0,0,4,0,0,2,5,2,0,1,0,0,0,15,0,0,1,0,0,19,3,0,1,5,0,0,2,0,0,1,0,0,0,1,0,0,62,0,0,2,0,0,0,0,5,0,9,0,0,0,0,0,0,0,2,5,1,0,0,1,0,1,1,0,0,0,2,3,0,0,0,0,0,4,0,0,0,7
2018-03,42,72,191,0,3,0,64,19,318,2,60,8,11,4,1,0,1,2,0,0,8,17,26,0,0,0,4,3,0,0,0,0,8,3,5,5,0,1,2,0,0,0,9,0,0,0,7,0,0,0,4,0,0,47,1,0,2,0,0,40,0,0,0,2,1,0,1,0,0,1,0,1,2,1,0,1,78,0,0,1,0,0,0,0,8,0,16,0,2,0,0,0,0,0,1,8,1,0,1,1,0,1,1,1,0,1,0,4,1,2,0,2,1,0,0,0,0,3
2018-04,25,60,199,1,2,0,62,23,277,2,50,9,9,3,3,0,5,0,1,1,9,16,14,0,0,1,0,2,1,0,0,4,0,4,3,5,0,2,2,0,0,0,7,0,0,1,6,0,0,0,4,0,0,38,1,0,0,0,0,28,0,0,1,6,2,2,1,0,0,1,0,0,0,0,0,0,81,0,1,3,0,0,1,0,2,0,11,0,3,0,0,0,0,0,0,9,0,0,3,4,0,3,0,1,0,0,0,4,3,0,0,2,1,5,0,0,0,4
2018-05,58,78,236,1,5,0,101,33,347,2,58,15,10,4,1,0,6,1,0,2,6,13,16,0,0,0,0,3,0,0,0,2,7,2,3,3,0,2,4,4,0,0,2,0,0,0,2,2,2,0,2,0,0,54,0,0,5,0,0,43,0,1,0,3,2,3,2,0,0,1,0,0,2,0,0,0,80,0,0,0,1,0,0,0,10,0,17,0,5,0,0,1,0,0,0,4,1,0,1,0,0,0,0,1,0,0,1,3,1,5,0,8,2,7,0,0,0,5
2018-06,66,110,322,0,9,0,109,34,479,2,73,15,8,3,4,3,3,1,0,1,9,22,20,0,0,1,1,12,0,0,0,7,7,2,2,2,1,1,2,3,0,0,12,0,0,1,10,2,2,1,2,0,0,62,2,0,4,0,0,50,4,0,1,6,2,2,2,0,0,4,0,0,1,0,1,0,87,0,0,3,0,1,0,0,14,0,33,0,2,0,0,2,0,0,0,9,3,1,1,3,2,2,0,3,0,1,1,4,0,2,0,10,1,7,0,0,0,12
2018-07,290,162,482,1,15,0,287,91,775,12,179,21,15,4,1,0,8,2,1,3,21,42,44,0,0,0,3,10,0,0,0,7,11,8,6,12,1,5,4,9,0,0,21,0,0,1,22,2,3,0,10,0,0,120,0,0,6,0,0,126,2,0,4,15,1,1,10,1,0,4,0,0,4,1,2,0,127,0,1,3,0,0,1,0,29,0,33,0,15,0,0,0,5,1,0,12,1,1,6,7,0,3,1,2,1,0,1,11,3,7,0,56,1,11,0,0,0,22
2018-08,81,109,262,2,8,0,131,48,409,7,78,8,3,4,0,0,4,0,4,2,7,18,24,0,0,1,2,5,1,0,0,3,3,0,1,8,1,6,2,2,0,0,8,0,0,0,15,0,3,0,1,0,0,72,4,1,1,0,0,42,0,1,1,4,1,0,3,0,1,1,1,0,4,0,0,1,103,0,0,4,0,0,0,0,5,0,23,0,7,1,0,0,0,0,0,11,5,1,2,1,0,0,0,0,0,1,0,4,3,10,0,12,0,5,0,0,0,12
2018-09,82,84,275,3,7,0,124,35,442,4,81,21,10,2,3,0,3,4,0,2,2,19,25,0,0,0,0,11,1,0,0,3,3,1,4,2,0,6,6,0,0,0,7,0,0,0,3,0,0,0,3,0,0,70,3,0,2,0,0,48,1,0,2,5,2,0,4,0,0,0,0,0,5,2,0,1,77,0,0,3,0,0,0,0,7,0,18,0,1,1,0,0,1,0,0,12,0,0,4,3,0,1,0,0,0,0,1,8,1,2,0,12,0,9,0,0,0,9
2018-10,104,112,330,2,7,0,149,46,517,11,89,17,14,3,0,1,7,1,0,3,8,25,18,0,0,0,3,8,2,0,0,5,6,5,3,15,2,3,4,1,0,0,16,0,0,1,13,0,1,0,11,0,0,73,1,0,2,0,0,66,2,0,3,9,0,0,0,0,0,1,0,2,1,1,0,0,101,0,0,2,0,0,2,0,16,0,17,0,5,0,0,0,1,0,1,7,3,0,4,1,1,1,1,1,2,0,1,11,3,4,0,15,2,6,0,0,0,9
2018-11,117,91,299,1,9,0,163,32,496,3,100,16,12,3,2,1,4,1,0,4,16,24,17,0,0,0,0,5,0,0,0,6,10,7,5,1,1,1,5,3,0,0,16,0,0,1,8,1,2,1,6,0,0,39,0,0,4,0,0,65,1,1,3,2,0,4,5,0,0,0,0,1,2,2,1,0,91,0,0,1,0,0,1,0,5,0,17,0,9,0,0,0,2,0,0,10,3,0,0,3,0,0,0,0,0,2,2,6,2,3,0,18,2,7,0,0,0,10
2018-12,120,115,396,2,11,0,212,60,573,8,119,12,12,2,1,2,6,1,3,0,13,30,31,0,0,0,0,12,1,0,0,10,13,4,5,7,2,5,3,5,0,0,12,0,0,1,10,0,1,0,4,0,0,73,1,0,3,0,0,98,1,0,2,4,0,2,3,0,0,1,0,0,2,2,1,0,140,0,1,0,0,0,1,2,9,0,20,0,7,2,0,1,1,0,0,13,3,0,6,5,0,1,0,1,2,0,2,16,4,5,0,13,1,6,0,0,0,15
2019-01,102,102,271,3,9,0,149,50,398,6,91,5,7,5,1,2,0,3,1,0,3,31,29,0,0,0,0,5,2,0,0,7,4,1,1,4,1,4,2,3,0,0,8,0,0,0,6,1,1,0,1,0,0,68,3,0,4,0,0,52,1,0,1,7,0,1,3,0,0,0,0,2,1,0,0,1,121,0,0,0,0,0,0,0,4,0,21,0,2,1,0,1,0,0,0,10,2,0,2,2,0,3,0,1,0,2,0,7,5,2,0,13,1,4,0,2,0,6
2019-02,46,35,149,1,1,0,93,14,211,2,33,6,7,6,1,0,3,0,0,1,2,10,16,0,0,0,0,4,0,0,0,1,1,1,2,0,1,0,0,0,0,0,3,0,0,0,5,0,1,0,0,0,0,28,0,0,2,0,0,37,1,0,3,4,0,1,0,0,0,3,0,1,1,0,0,0,53,0,1,0,0,1,0,0,4,0,8,0,8,0,0,1,0,0,1,9,1,2,1,0,0,1,0,0,0,1,0,2,3,1,0,7,1,2,0,0,0,5
2019-03,136,75,255,1,5,0,160,45,392,5,87,9,7,3,1,0,0,0,2,1,6,26,17,0,0,1,0,5,0,0,0,2,8,3,3,5,1,2,2,4,0,0,11,0,0,0,3,0,2,0,6,0,0,66,2,0,3,0,1,49,0,0,0,6,3,0,6,0,0,2,0,0,3,0,0,0,105,0,0,0,0,0,0,0,3,0,13,0,4,0,0,0,0,0,1,7,1,0,2,5,0,0,1,0,0,0,0,3,2,1,0,15,0,2,0,0,0,15
2019-04,159,96,346,1,6,0,158,38,480,13,86,10,15,10,0,1,2,0,1,3,6,25,18,0,0,0,2,6,0,0,0,2,5,2,2,7,0,4,2,1,0,0,5,0,0,0,6,0,1,0,4,0,0,74,1,0,1,0,0,42,1,0,1,4,1,0,3,0,0,3,0,0,3,1,2,0,94,0,0,0,0,1,0,1,8,0,21,0,4,0,0,3,0,0,0,8,3,1,1,3,0,1,1,0,0,2,0,11,2,0,0,17,3,6,0,0,0,15
2019-05,211,98,276,0,9,0,248,44,454,1,70,24,11,1,3,0,6,3,1,1,10,26,27,0,0,0,1,12,1,0,0,2,7,8,3,8,1,4,2,8,0,0,13,0,0,0,11,4,2,0,7,0,0,78,2,0,4,0,0,61,2,0,3,7,2,2,4,0,0,3,0,1,3,0,2,0,106,0,0,1,0,2,0,1,11,0,20,0,3,1,0,0,1,0,0,13,1,1,3,6,0,0,0,0,1,1,1,7,4,1,0,34,1,4,0,0,0,16
2019-06,206,111,356,4,11,0,235,44,501,5,117,11,12,5,2,0,3,1,2,1,9,27,25,0,0,0,3,6,0,0,0,5,6,5,9,15,1,2,1,11,0,0,8,0,0,0,17,2,2,0,5,0,0,82,1,0,2,0,0,60,3,0,0,6,2,4,8,0,0,0,0,3,2,0,1,0,106,0,0,0,0,1,3,0,17,0,16,0,7,0,0,2,1,0,0,10,9,0,4,2,0,2,0,1,0,0,2,4,6,4,0,22,0,6,0,0,0,15
2019-07,208,89,354,1,7,0,217,53,504,6,100,19,7,9,0,1,4,1,0,0,5,22,27,0,0,0,1,7,1,0,0,2,6,7,5,13,2,0,8,5,0,0,12,0,0,0,13,1,2,0,1,0,0,58,1,0,2,0,0,64,2,0,0,10,2,2,7,0,1,5,0,1,2,0,0,0,104,0,0,0,0,0,0,0,5,0,22,0,2,1,0,1,1,0,0,8,2,1,3,3,0,0,1,1,1,1,0,6,3,1,0,32,3,7,0,0,0,19
2019-08,132,69,300,3,6,0,188,39,393,6,77,18,11,4,1,1,4,0,0,1,7,21,15,0,0,0,2,4,0,0,0,4,7,4,3,3,2,3,2,6,0,0,10,0,0,0,13,1,1,0,2,0,0,61,3,0,1,0,0,47,2,0,1,5,0,1,7,0,0,0,0,0,6,2,0,0,72,0,0,1,0,0,0,0,18,0,22,0,2,0,1,0,1,0,1,2,0,0,1,4,1,1,2,0,0,0,0,5,6,4,0,10,1,1,0,0,0,11
2019-09,141,93,323,2,7,0,201,51,454,9,118,18,8,11,1,0,2,2,2,1,6,17,23,0,0,0,3,9,0,0,0,5,3,1,5,8,0,2,4,4,0,0,14,0,0,1,11,1,4,0,3,0,0,45,1,0,4,0,0,79,0,0,1,5,1,3,5,0,0,2,0,0,1,1,1,0,118,0,0,1,0,0,0,0,14,0,13,0,2,0,0,1,4,0,0,11,1,0,1,5,0,2,0,0,0,1,2,6,3,1,0,19,1,6,0,0,0,15
2019-10,233,116,373,1,6,0,284,74,523,3,150,20,19,5,1,1,2,3,0,2,14,36,34,0,0,0,1,6,1,0,0,4,17,2,4,7,0,0,0,7,0,0,15,0,0,0,16,0,0,0,10,0,0,77,1,0,4,0,0,71,0,0,4,4,2,2,6,0,1,0,0,1,3,0,0,0,133,0,1,2,0,0,0,0,15,0,23,0,12,1,0,1,2,0,0,13,6,0,1,2,0,1,0,1,0,0,2,2,5,3,0,19,3,7,0,0,0,16
2019-11,203,91,366,1,7,0,251,54,528,5,135,23,16,7,1,0,6,1,0,0,13,33,32,0,0,0,1,5,0,0,0,4,11,8,3,5,1,4,6,5,0,0,12,0,0,0,12,1,0,0,6,0,0,70,2,0,2,0,0,83,0,0,3,5,0,4,4,0,0,2,0,1,12,0,0,0,103,0,1,3,0,0,0,0,14,0,11,0,10,0,0,0,1,0,0,11,3,0,2,6,0,0,0,0,0,2,1,15,7,6,0,28,1,10,0,0,0,13
2019-12,265,93,406,1,15,0,340,79,568,6,126,16,20,7,4,1,5,1,0,0,10,19,39,0,0,0,3,6,1,0,0,1,9,3,5,3,1,3,5,5,0,0,11,0,0,1,10,1,2,0,1,0,0,87,2,1,4,0,0,79,2,0,0,6,1,3,5,1,0,4,1,1,4,0,2,1,139,0,0,1,0,0,0,0,4,0,21,0,9,0,1,1,0,0,0,7,6,1,5,9,0,0,1,0,1,2,1,0,5,4,0,29,2,9,0,0,0,12
2020-01,292,93,305,5,7,0,227,38,409,10,89,5,8,2,1,0,5,6,1,2,3,13,32,0,0,0,1,3,1,0,0,3,4,1,2,8,1,1,2,1,3,0,7,0,0,0,11,0,3,0,2,0,0,62,1,0,3,0,0,38,4,0,1,4,0,0,3,0,0,1,0,1,2,0,2,0,101,0,0,2,0,0,0,0,6,0,17,0,3,0,0,0,0,0,0,17,2,0,1,3,0,0,1,0,0,0,3,10,1,6,0,35,1,5,0,1,0,11
2020-02,147,60,231,2,8,0,182,31,312,0,95,10,12,3,1,0,6,1,0,0,6,17,24,0,0,0,1,6,1,0,0,0,2,0,1,9,1,3,0,2,0,0,10,0,0,0,5,0,0,0,3,0,0,29,0,0,6,0,1,32,0,0,0,5,0,2,4,0,0,3,0,1,3,0,0,0,55,0,0,1,0,1,0,0,10,0,7,0,5,0,0,1,0,0,0,9,0,0,2,0,0,0,0,0,0,1,1,1,2,3,0,14,2,5,0,0,0,6
2020-03,172,60,244,1,8,0,220,43,362,2,101,9,12,8,1,0,3,1,1,0,5,18,31,0,0,0,1,2,1,0,0,2,6,2,1,1,1,7,1,4,0,0,13,0,0,0,8,1,2,0,2,0,0,54,1,2,1,0,0,43,1,0,1,5,0,4,6,0,0,1,0,0,3,0,1,0,113,0,0,3,0,0,0,0,6,0,21,0,2,0,0,0,1,0,0,5,1,1,3,2,0,0,0,0,0,1,1,7,0,3,0,22,3,8,0,0,0,15
2020-04,131,61,237,0,5,0,163,34,329,3,70,7,2,5,1,0,2,0,1,1,4,15,21,0,0,0,0,5,2,0,0,0,4,1,1,3,0,3,1,1,0,0,6,0,0,0,8,0,1,0,1,0,0,59,0,0,2,0,0,52,0,0,0,4,2,3,6,0,0,0,0,1,0,1,0,0,90,0,0,2,0,0,1,0,5,0,17,0,5,0,0,0,1,0,0,9,1,0,1,1,0,2,0,0,1,2,0,4,3,2,0,18,0,3,0,1,0,9
2020-05,163,67,187,3,5,0,155,40,301,4,58,6,6,2,0,0,2,1,1,0,7,13,21,0,0,0,0,5,0,0,0,1,5,1,0,3,0,3,2,12,0,0,6,0,0,0,4,0,0,0,3,0,0,60,0,0,1,0,0,37,3,0,0,3,0,6,4,0,0,1,1,1,1,0,1,1,98,0,0,1,0,2,0,0,8,0,10,0,2,0,0,0,0,0,0,7,2,0,3,1,0,1,0,0,0,1,0,11,0,1,0,23,2,6,0,0,0,13
2020-06,323,110,331,3,6,0,329,72,527,12,146,20,14,4,2,3,4,0,2,1,7,27,34,0,0,1,1,3,0,0,0,8,6,1,3,8,1,4,2,5,0,0,14,0,0,0,12,0,3,0,5,0,0,103,0,0,1,0,0,50,1,0,0,7,2,6,6,1,0,2,0,1,3,1,3,2,135,0,0,1,0,0,0,0,17,0,19,0,3,0,0,0,1,0,0,13,4,0,0,5,1,3,3,2,1,3,1,8,2,5,0,46,0,3,0,1,0,20
2020-07,219,74,299,2,6,0,293,61,430,3,112,21,14,2,0,0,3,1,0,1,7,30,30,0,0,0,2,8,2,0,0,2,6,2,3,4,1,5,5,10,0,0,9,0,0,0,9,0,2,0,3,0,0,87,2,0,2,0,0,50,2,0,3,4,1,5,7,0,0,2,0,2,2,0,1,0,89,0,1,0,0,0,0,0,5,0,19,0,3,0,0,0,1,0,0,5,3,0,5,3,1,0,2,0,1,2,1,12,1,0,0,26,2,8,0,0,0,21
2020-08,186,58,262,1,5,0,225,55,386,1,89,9,10,4,0,1,4,2,1,1,4,18,32,0,0,0,1,6,1,0,0,1,5,8,2,5,1,8,2,3,1,0,7,0,0,0,6,0,0,0,4,0,0,74,3,0,1,0,0,35,0,0,1,2,0,5,3,0,0,2,0,0,0,0,0,0,103,0,0,1,2,0,0,0,8,0,18,0,0,0,0,0,1,1,0,6,1,0,1,2,2,1,0,0,1,2,2,3,1,3,0,21,0,4,0,1,0,12
2020-09,245,79,284,5,5,0,271,50,418,8,95,26,16,1,2,0,5,0,0,1,9,17,16,0,0,0,0,6,1,0,0,2,4,1,4,4,0,9,4,12,0,0,10,0,0,0,14,1,3,0,5,0,0,60,3,0,5,0,0,54,4,0,0,2,2,7,8,0,0,3,0,0,3,2,1,0,163,1,0,0,0,0,1,0,7,0,13,0,2,1,0,0,1,0,0,10,4,1,0,5,0,1,1,1,1,0,1,9,3,3,0,33,0,6,0,0,0,18
2020-10,352,115,440,2,15,0,369,103,635,9,172,20,18,6,1,1,5,2,2,1,13,23,34,0,0,0,1,6,2,0,0,2,12,7,5,9,0,7,5,9,0,0,12,0,0,0,11,1,2,0,7,0,0,93,2,0,2,0,0,56,2,0,1,7,1,5,16,0,0,2,1,0,4,0,1,1,122,0,0,1,0,0,2,0,11,1,25,0,6,1,0,0,4,0,0,15,2,0,3,1,1,3,1,1,0,2,0,9,4,2,0,29,1,15,0,0,0,17
2020-11,317,101,373,1,7,0,378,72,454,3,141,10,15,1,1,0,5,2,2,4,5,27,21,0,0,0,5,12,1,0,0,1,9,8,4,5,1,8,1,10,0,1,11,1,0,1,13,0,2,1,7,0,0,94,2,0,2,0,0,53,1,0,0,4,2,16,6,0,0,1,0,1,4,1,2,0,118,0,0,4,0,0,0,0,12,0,16,0,1,0,0,0,0,0,0,15,2,0,3,1,0,1,1,1,0,0,1,15,1,3,0,29,1,10,0,0,0,36
2020-12,373,140,430,3,11,0,498,95,594,7,172,34,22,15,5,0,4,5,0,3,16,32,42,0,0,1,1,6,1,0,0,5,9,8,7,13,2,8,9,12,0,0,21,0,0,0,13,1,3,0,8,0,0,104,5,1,5,0,1,65,4,0,0,2,2,9,13,0,0,3,0,0,3,1,2,0,160,0,0,0,0,0,1,0,18,0,27,0,9,2,0,1,1,0,2,7,4,1,6,6,0,1,1,1,1,0,2,12,4,5,0,49,0,14,0,0,0,54
2021-01,379,108,303,7,13,0,364,41,485,12,113,9,9,8,1,0,2,4,1,0,8,21,24,0,0,0,0,4,1,0,0,1,5,1,6,5,2,2,8,7,0,0,13,0,0,0,10,0,3,0,6,0,0,115,1,0,1,0,0,71,3,0,4,5,0,7,7,1,0,2,0,0,1,1,2,1,145,0,0,3,1,0,1,0,11,0,22,0,5,1,0,2,1,0,0,14,3,1,2,5,0,0,1,1,1,0,1,6,3,1,0,50,0,17,0,0,0,20
2021-02,188,67,247,4,8,0,195,29,356,2,79,10,7,4,0,1,3,2,2,1,8,11,14,0,0,0,1,3,1,0,0,1,5,1,0,4,0,5,0,4,0,0,12,0,0,1,6,0,0,0,2,0,0,54,0,0,3,0,0,34,2,0,1,1,0,4,3,0,0,1,0,0,3,0,0,0,99,0,0,0,0,0,0,0,7,0,23,0,3,0,0,0,0,0,0,5,1,0,0,0,0,1,0,0,0,0,2,6,2,1,0,17,0,5,0,0,0,13
2021-03,254,74,259,2,6,0,264,54,395,5,85,6,14,8,0,0,4,2,1,2,6,18,25,0,0,0,2,2,3,0,0,1,5,2,1,2,0,4,3,9,0,0,4,0,0,0,7,1,1,0,3,0,0,78,0,0,2,0,0,45,1,0,1,4,0,6,10,0,0,0,0,1,2,0,2,0,130,0,0,1,0,2,1,0,6,0,22,0,7,0,1,0,0,0,0,6,1,2,0,2,0,0,1,0,0,0,1,10,3,1,0,33,1,2,0,0,0,11
2021-04,255,91,310,3,8,0,252,51,419,6,106,15,11,6,1,1,2,1,2,3,5,23,21,0,0,0,1,1,3,0,0,0,5,1,3,4,2,7,7,4,1,0,6,0,0,0,11,0,3,0,8,0,0,83,3,0,4,0,0,38,2,0,2,5,0,1,2,0,0,2,0,1,2,1,0,1,123,0,0,1,0,0,0,0,14,0,12,0,3,0,0,1,0,0,0,13,4,0,2,1,0,1,1,0,0,0,0,5,0,2,0,24,0,9,0,0,0,20
2021-05,295,93,325,5,11,0,299,74,437,3,108,31,18,4,3,1,3,4,0,0,5,22,23,0,0,1,0,5,0,0,0,1,3,3,1,7,0,6,1,11,0,0,7,0,0,0,15,1,0,0,1,0,0,95,1,0,2,0,0,63,3,0,2,4,1,10,4,0,0,2,0,0,2,1,0,0,102,0,0,0,0,0,0,0,14,0,29,0,1,0,0,2,1,0,0,9,1,0,4,4,0,1,1,2,1,2,0,6,2,1,0,37,4,9,0,0,0,34
2021-06,322,112,339,6,9,0,388,88,489,8,171,20,9,5,1,0,4,2,1,1,8,27,41,0,0,2,1,2,0,0,0,3,7,2,7,7,0,5,5,16,1,0,18,0,0,0,20,1,7,0,6,0,0,102,1,0,3,0,0,53,0,0,2,6,0,8,6,0,1,2,0,0,2,1,0,2,128,0,0,1,0,0,1,0,12,0,27,0,1,0,0,0,3,0,0,4,2,0,1,4,1,1,0,1,1,0,0,9,0,1,0,39,3,7,0,0,0,23
2021-07,260,66,320,3,6,0,298,53,446,7,109,18,17,1,1,0,1,2,0,0,7,22,21,1,0,0,1,2,0,0,0,4,6,2,0,5,2,8,0,22,1,0,6,0,0,0,6,0,0,1,4,0,0,90,0,0,2,0,0,45,1,0,2,2,0,5,7,0,0,0,0,2,1,0,0,0,124,0,1,1,0,0,1,0,11,0,15,0,5,0,0,0,1,0,0,10,3,0,0,1,1,2,0,1,0,0,3,3,0,1,0,23,1,7,0,2,0,24
2021-08,213,85,309,0,5,0,265,49,397,4,114,21,10,7,0,0,6,1,1,0,7,16,14,0,0,0,1,4,0,0,0,4,6,5,3,2,1,4,1,7,0,0,10,0,0,0,8,0,3,0,2,0,0,67,0,0,2,0,0,43,2,0,0,9,2,7,5,0,0,6,1,1,2,0,1,1,109,1,0,0,0,0,2,0,8,0,17,0,4,0,0,2,1,0,0,7,3,0,4,0,0,1,0,0,0,0,2,6,2,2,0,22,5,10,0,0,0,21
2021-09,237,76,264,1,10,0,252,51,381,6,99,8,9,2,0,0,1,0,0,1,3,24,27,0,0,0,1,4,0,0,0,1,3,1,3,4,1,4,3,6,0,0,9,0,0,0,7,0,2,0,1,0,0,70,2,0,1,0,0,47,1,0,1,5,0,3,8,0,0,2,0,1,1,0,1,0,123,0,1,1,0,1,1,0,6,0,27,0,4,0,0,0,0,0,0,9,2,0,4,1,0,2,0,0,0,1,0,6,0,5,0,28,1,10,0,0,0,12
2021-10,146,44,233,0,4,0,206,35,312,9,60,12,6,2,1,0,3,0,1,0,1,11,11,0,0,0,0,3,2,0,0,2,8,1,3,3,2,2,1,6,1,0,5,0,0,0,6,1,0,0,3,0,0,57,1,0,0,0,1,21,0,0,3,2,0,6,4,0,0,0,0,0,2,0,0,0,98,0,0,2,0,0,1,0,5,0,13,0,2,1,0,1,0,0,0,10,0,0,4,0,0,2,0,0,0,2,0,4,2,2,0,15,4,8,0,0,0,16
2021-11,195,53,215,4,6,0,230,34,323,1,74,17,9,2,1,1,2,1,0,0,3,12,18,0,0,1,0,7,1,0,0,5,4,4,2,2,0,4,2,10,0,0,8,0,0,0,13,0,1,0,5,0,0,59,1,0,2,0,0,33,0,0,0,0,0,8,0,1,0,2,0,2,1,0,0,1,102,0,0,2,0,0,0,0,9,0,17,0,2,0,0,0,3,0,0,13,0,0,3,1,1,0,0,0,0,1,1,4,1,0,0,29,0,7,0,0,0,27
2021-12,242,83,297,2,8,0,304,33,379,0,105,15,7,5,0,2,3,1,2,0,11,12,31,0,0,0,1,7,2,0,0,5,6,2,1,6,1,4,2,8,0,0,17,0,0,0,17,0,0,0,6,0,0,81,0,0,2,0,0,33,2,0,3,4,0,10,5,0,0,3,0,0,3,0,0,0,140,0,1,1,0,0,0,0,11,0,17,0,2,0,0,0,1,0,0,10,1,0,2,3,0,1,0,0,0,0,2,7,2,0,0,30,6,8,0,0,0,23
2022-01,433,86,294,7,14,0,407,37,323,4,89,5,8,4,1,1,2,0,1,0,3,20,13,0,0,0,0,6,2,0,0,1,7,4,1,4,2,2,6,2,0,0,14,0,0,0,8,0,2,0,2,0,0,83,0,0,1,0,0,48,2,0,2,2,1,7,5,0,0,2,0,0,1,1,2,0,139,0,0,1,0,0,0,0,4,0,13,0,4,0,0,2,1,0,0,7,1,0,1,2,0,2,2,1,2,0,1,2,3,2,0,60,2,13,0,0,0,28
2022-02,150,59,205,1,4,0,198,36,285,1,75,11,10,3,0,0,0,1,0,0,3,13,20,0,0,1,0,1,0,0,0,1,5,2,3,4,1,4,4,8,0,0,6,0,0,1,8,1,1,0,4,0,0,49,1,0,1,0,0,19,3,0,1,3,0,2,3,0,0,1,0,0,0,0,0,2,79,0,0,1,0,0,2,0,4,0,12,0,0,0,0,0,0,0,0,2,1,0,1,0,0,0,1,1,0,0,0,2,2,1,0,19,0,4,0,0,0,8
2022-03,220,60,253,3,6,0,237,32,310,3,91,6,5,3,2,0,7,0,0,2,5,8,28,0,0,0,1,3,0,0,0,0,7,1,0,7,1,3,1,7,1,0,7,0,0,1,7,0,2,0,2,0,0,76,1,0,4,0,0,38,2,0,0,2,0,6,6,0,0,0,0,0,3,2,1,2,119,0,0,1,0,0,0,1,5,0,16,0,0,0,0,0,0,0,0,10,0,0,1,1,0,0,0,1,0,0,0,6,2,1,0,28,4,3,0,1,0,9
2022-04,158,50,206,1,4,0,217,31,265,4,61,9,9,4,1,2,2,0,2,1,3,14,22,0,0,0,1,3,2,0,0,0,4,1,3,1,0,3,3,8,3,0,5,0,0,0,5,0,1,0,3,0,0,65,0,0,3,0,0,28,2,0,1,3,2,5,2,0,0,1,0,0,2,0,1,0,81,0,0,0,0,0,0,0,4,0,14,0,3,0,0,0,0,0,0,5,0,0,2,5,0,1,2,0,0,0,1,5,2,2,0,17,1,5,0,0,0,16
2022-05,167,68,224,1,4,0,204,40,282,1,82,12,8,1,0,0,0,0,0,0,3,7,25,0,0,0,0,3,1,0,0,0,2,1,3,5,1,3,4,7,0,0,5,0,0,0,7,0,1,0,1,0,0,70,0,0,2,0,0,32,1,0,1,6,0,6,8,0,0,1,0,0,1,1,0,0,82,0,0,0,0,0,1,0,10,0,14,0,2,0,0,0,0,0,0,5,0,0,1,3,0,1,0,0,1,1,0,7,1,1,0,26,4,2,0,0,0,13
2022-06,246,65,294,1,5,0,321,61,374,1,100,17,11,4,3,1,0,3,1,0,5,10,26,0,1,0,1,2,3,0,0,1,7,0,4,2,4,9,2,12,2,0,9,0,0,0,12,1,1,0,2,0,0,77,1,0,0,0,0,37,0,0,2,7,0,6,5,0,0,1,0,2,1,0,0,1,94,0,0,0,0,1,1,0,6,0,14,0,3,2,0,0,2,0,0,10,0,1,0,0,0,0,1,0,0,0,3,4,1,2,0,30,2,3,0,0,0,26
2022-07,233,67,232,1,5,0,233,36,302,4,78,17,12,3,0,0,3,1,2,0,3,10,32,0,0,1,0,1,3,0,0,1,5,4,2,5,0,2,2,8,0,0,8,0,0,0,9,1,1,0,1,0,0,71,0,0,2,0,0,38,2,0,1,3,0,4,10,0,0,1,0,1,3,0,0,0,90,0,0,1,0,0,0,0,6,0,16,0,1,0,0,0,0,0,1,7,1,0,1,4,0,0,0,0,0,0,0,0,1,2,0,35,0,4,0,0,0,14
2022-08,213,46,250,2,7,0,224,35,326,4,72,2,4,3,0,0,1,1,0,0,4,16,19,0,0,0,0,3,3,0,0,2,4,2,1,1,0,4,1,10,1,0,13,0,0,1,11,0,2,0,2,0,0,75,1,0,4,0,0,19,1,0,1,2,0,7,4,0,0,0,0,1,0,0,0,0,101,0,0,1,0,0,0,0,9,0,13,0,1,0,0,0,2,0,0,8,0,1,2,2,0,0,0,0,1,0,1,5,2,2,0,25,1,5,0,0,0,20
2022-09,249,70,320,1,4,0,274,45,372,1,99,11,12,0,0,1,1,0,1,0,5,13,22,0,0,0,1,5,1,0,0,2,2,1,3,2,0,5,2,15,3,0,10,0,0,0,3,1,1,0,4,0,0,107,0,0,0,0,0,29,0,0,1,3,1,9,4,0,0,0,0,0,7,0,0,0,102,0,1,0,0,1,0,0,7,0,22,0,4,0,0,0,1,0,0,10,2,0,3,2,0,1,0,0,1,0,0,7,3,2,0,33,4,4,0,0,0,15
2022-10,266,67,264,0,8,0,279,47,336,3,95,14,13,2,2,0,2,0,0,1,3,12,27,1,0,0,0,3,2,0,0,2,6,2,7,1,0,3,6,13,0,0,9,0,0,0,12,1,1,0,4,0,0,71,0,1,1,0,0,44,1,0,0,7,0,7,5,0,0,3,0,0,4,0,1,1,89,0,2,0,0,1,0,0,11,0,19,0,2,1,0,0,2,1,0,7,1,0,3,1,0,0,0,0,0,0,1,4,1,3,0,31,2,7,0,0,1,22
2022-11,272,66,307,1,6,0,339,65,390,5,117,25,19,3,1,0,3,2,0,1,7,14,20,0,0,0,1,6,0,0,0,2,5,5,1,3,1,1,1,12,0,0,4,0,0,0,11,0,3,0,4,0,0,110,3,0,0,0,0,35,0,0,1,4,1,5,8,1,0,2,0,1,7,0,0,0,101,0,0,1,0,0,3,0,6,0,20,0,0,0,0,0,1,0,0,8,0,0,2,4,0,0,0,0,0,0,2,11,0,5,0,29,3,9,0,0,0,17
2022-12,360,93,369,3,7,0,430,69,439,5,151,14,12,4,2,1,4,0,2,1,9,17,33,1,0,0,1,5,2,0,0,3,7,3,4,6,0,8,3,14,2,0,18,0,0,0,16,0,3,0,4,0,0,131,2,2,1,0,0,42,0,0,1,5,0,14,11,1,0,0,0,0,5,1,0,1,179,1,0,1,0,0,0,0,12,0,18,0,3,0,0,0,1,0,0,15,3,0,0,0,0,0,0,1,0,1,1,10,3,1,0,61,5,11,0,0,0,28
2023-01,572,115,398,7,13,0,603,67,456,7,134,8,12,10,1,1,3,0,1,1,3,25,22,0,0,0,0,7,3,0,0,4,5,1,3,4,1,4,4,8,4,0,14,0,0,1,14,1,3,0,4,0,0,112,1,0,1,0,0,61,0,0,2,10,3,6,6,1,0,2,0,0,1,0,0,0,166,0,0,0,0,0,1,0,12,0,17,0,4,1,0,0,0,0,0,12,2,0,2,0,0,0,0,1,3,2,2,2,2,3,0,72,2,11,0,1,0,54
2023-02,235,58,256,2,8,0,304,52,269,3,130,12,17,4,0,0,2,0,0,1,4,12,17,0,0,0,0,0,1,0,0,1,4,3,2,6,1,6,4,10,3,0,14,0,0,0,6,0,2,0,3,0,0,56,0,0,1,0,0,36,1,0,2,1,0,12,6,1,0,2,0,2,1,1,0,0,103,0,0,0,0,0,0,0,4,0,17,0,2,0,0,0,0,0,1,13,2,0,0,1,0,0,1,0,0,0,2,9,0,0,0,23,1,4,0,0,0,14
2023-03,273,77,303,4,6,0,309,47,384,10,99,15,12,3,0,0,2,1,1,0,6,8,35,0,0,0,1,6,1,0,0,4,4,3,4,5,2,2,0,8,1,0,9,0,0,1,8,0,4,0,1,0,0,94,0,0,2,0,0,31,4,0,2,7,0,5,10,0,1,1,0,2,3,2,1,1,113,0,0,1,0,0,0,0,6,0,16,0,1,0,0,0,2,0,0,14,1,0,2,4,1,1,1,1,0,0,1,1,0,2,0,34,0,7,0,0,0,25
2023-04,226,63,263,0,9,0,277,39,307,7,88,10,12,8,0,1,3,1,1,0,2,15,18,0,0,0,1,2,1,0,0,1,3,2,2,6,1,4,1,15,0,0,9,0,0,2,6,0,0,0,4,0,0,86,0,0,1,0,0,32,3,0,0,5,0,11,1,1,0,1,0,0,2,0,0,0,115,0,0,3,0,0,0,0,7,0,12,0,0,0,0,0,1,0,0,10,1,0,2,2,1,1,0,0,0,1,1,3,3,0,0,27,3,7,0,0,0,25
2023-05,231,84,285,0,5,0,271,64,353,3,107,9,9,6,3,0,0,1,2,0,6,13,20,0,0,0,0,3,3,0,0,4,2,2,8,3,0,4,0,10,0,0,4,0,0,0,7,0,2,0,4,0,0,102,1,0,4,0,0,41,0,0,0,4,0,7,3,0,0,2,0,0,0,0,0,0,88,0,0,0,0,0,0,0,12,0,19,0,3,0,0,0,0,0,0,8,2,0,1,0,0,1,0,1,0,0,1,5,3,2,0,22,2,4,0,0,0,27
2023-06,264,76,366,1,3,0,365,63,434,4,113,10,11,4,1,0,1,0,0,0,2,21,33,1,0,0,0,4,1,0,0,0,7,4,1,4,0,6,0,20,1,0,9,0,0,0,15,0,1,0,4,0,0,88,1,0,4,0,0,41,1,0,0,5,1,5,8,0,0,1,0,1,1,1,0,2,114,0,0,1,0,0,1,0,3,1,30,0,2,0,0,0,0,0,0,9,4,0,2,1,0,1,0,0,0,2,2,3,2,0,0,42,2,8,0,0,0,23
2023-07,280,86,309,3,4,0,315,45,361,6,88,15,8,4,1,0,3,1,1,2,2,21,27,2,1,1,1,5,1,0,0,2,7,3,2,4,0,1,2,12,0,0,7,0,0,0,15,0,2,0,4,0,0,104,0,0,1,1,1,31,2,0,2,9,1,10,5,0,1,2,0,3,8,0,1,0,90,0,0,3,0,0,0,0,10,0,19,0,2,0,0,0,0,0,0,11,1,0,1,0,0,1,0,0,2,1,1,6,2,1,0,28,3,3,0,0,0,23
2023-08,259,76,276,0,8,0,332,51,348,3,100,11,4,8,0,0,4,0,1,0,7,13,14,2,0,0,1,2,2,0,0,0,2,2,2,4,0,6,4,15,0,0,3,0,0,0,6,0,4,0,1,0,0,69,1,0,5,0,0,38,2,0,0,3,0,10,9,1,0,2,0,1,2,0,0,0,94,0,0,3,0,0,0,0,8,0,17,0,2,0,0,1,0,0,0,5,1,1,1,0,0,0,0,1,1,1,3,3,2,3,0,32,1,6,0,0,0,35
2023-09,353,99,367,3,4,0,356,61,437,9,117,17,16,5,1,0,1,0,0,0,4,17,27,0,0,0,2,3,0,0,0,1,6,1,3,5,1,7,0,9,2,0,8,0,0,0,11,0,1,0,3,0,0,117,1,1,2,0,0,34,1,0,1,7,1,7,4,0,0,0,0,3,1,2,1,0,111,0,0,3,2,0,1,0,9,0,21,0,7,0,0,0,0,0,0,11,3,0,3,2,0,0,1,0,0,0,3,3,1,2,0,51,1,8,0,1,0,31
2023-10,280,76,314,2,9,0,367,57,375,6,127,16,18,5,1,0,1,1,1,0,8,11,19,0,0,0,1,5,2,0,0,3,5,3,6,7,0,6,0,19,2,0,11,0,0,1,10,1,1,0,4,0,0,97,1,0,3,0,0,32,0,0,0,4,2,12,7,1,0,0,0,2,1,2,0,0,134,0,0,2,0,0,0,0,10,0,14,0,2,1,0,0,0,0,0,5,2,0,2,2,0,2,1,1,0,0,2,2,3,3,0,33,3,7,0,0,0,26
2023-11,313,89,332,6,4,0,352,67,391,7,122,22,20,4,4,0,4,1,3,2,10,12,19,1,0,0,0,5,1,0,0,2,2,0,2,6,1,9,5,18,1,0,10,0,0,0,11,0,3,0,7,0,0,103,1,0,2,0,0,33,0,0,4,4,0,6,8,0,0,2,0,1,6,2,1,0,118,0,0,1,0,2,3,1,2,0,17,0,3,0,0,1,0,0,0,12,3,0,4,1,0,0,3,0,1,1,0,12,0,1,0,42,3,13,0,0,1,41
2023-12,470,112,426,5,10,0,561,93,522,11,170,13,18,7,2,0,2,2,0,0,8,14,50,0,0,0,1,5,4,0,0,4,7,3,10,3,3,7,2,21,3,0,17,0,0,0,11,0,3,0,3,0,0,128,2,0,2,0,0,52,1,0,0,6,0,20,9,1,0,4,0,7,2,4,0,0,170,0,0,0,0,1,0,0,11,0,23,0,3,1,0,0,1,0,0,6,3,1,1,2,0,0,0,0,0,1,1,5,2,6,0,42,2,17,0,0,0,61
2024-01,1023,230,695,18,36,0,1188,131,647,33,229,9,15,25,2,1,4,2,3,2,7,30,38,0,0,0,2,5,2,0,0,2,8,7,10,9,2,8,5,28,6,0,21,0,0,1,11,0,9,0,6,0,0,191,2,0,7,0,0,83,6,0,3,6,5,15,12,1,2,2,0,1,1,10,1,0,250,0,0,2,0,0,1,0,12,0,29,0,6,0,0,1,0,0,0,39,5,1,2,7,0,3,2,0,2,1,1,0,0,3,0,92,0,12,0,0,0,141
2024-02,294,91,332,6,5,0,374,73,369,3,127,16,9,6,0,0,1,1,0,1,5,15,27,0,0,0,0,5,1,0,0,3,3,3,2,2,1,8,1,13,1,0,11,0,0,1,7,1,2,0,3,0,0,116,0,0,3,0,0,35,2,0,1,7,1,12,6,1,0,3,0,0,2,1,0,0,95,0,0,1,0,0,0,0,5,1,10,0,2,0,0,0,0,0,0,7,0,0,0,3,0,0,1,0,0,0,1,6,0,2,0,23,4,6,0,0,0,28
2024-03,367,80,380,2,11,0,442,62,444,1,127,12,9,9,0,0,4,1,2,2,2,14,31,2,0,0,1,9,4,0,0,0,0,1,3,8,2,7,2,28,4,0,13,0,0,1,9,0,0,0,1,0,0,117,2,0,4,0,1,34,0,1,0,5,0,23,12,0,0,0,0,4,2,3,1,1,131,0,0,1,0,0,0,0,9,0,26,0,2,1,0,2,0,0,0,12,2,0,1,3,0,0,0,0,1,0,2,5,0,4,0,37,5,4,0,0,0,46
2024-04,337,101,364,0,6,0,404,69,406,3,137,15,13,7,1,0,1,1,2,0,3,13,23,0,0,0,1,4,1,0,0,0,3,4,6,10,3,10,2,12,5,0,7,0,0,0,10,0,1,1,3,0,0,106,3,0,1,1,0,35,0,0,1,8,0,13,10,0,0,0,1,1,2,2,1,0,105,1,0,4,0,0,0,0,10,0,6,0,2,0,0,0,0,0,0,9,0,0,2,2,1,0,1,0,0,1,2,6,1,0,0,36,2,6,0,0,0,43
2024-05,301,83,321,6,6,0,344,67,391,4,107,23,9,9,1,0,3,0,1,0,3,15,19,0,0,1,0,1,1,0,0,2,5,2,4,5,1,8,1,23,2,0,7,0,0,0,13,1,1,0,1,0,0,129,0,0,0,0,0,42,0,0,1,4,2,20,7,1,1,0,0,1,8,1,0,0,130,1,0,0,0,0,1,0,2,0,18,0,2,0,0,0,0,0,0,9,1,0,3,2,0,0,0,0,0,0,1,3,2,2,0,17,2,6,0,0,0,67
2024-06,347,89,393,6,9,0,516,94,423,6,146,23,15,6,0,0,2,0,2,1,6,14,31,2,0,0,0,2,2,0,0,3,6,3,2,5,0,3,1,22,7,0,13,0,1,0,11,0,0,0,4,0,0,99,2,0,4,1,0,49,0,0,3,4,0,25,14,0,1,1,0,1,2,0,1,0,149,0,0,2,0,0,0,0,9,0,19,0,1,0,0,0,0,0,0,21,1,1,2,1,0,1,0,1,1,1,0,3,2,0,0,30,1,5,0,0,0,103
2024-07,279,77,303,4,7,0,394,76,340,10,130,12,14,7,4,0,3,2,2,1,7,13,27,1,0,0,0,6,1,0,0,3,5,2,2,5,1,3,1,9,8,0,18,0,0,0,13,0,4,0,1,0,0,96,2,0,2,0,0,25,0,0,1,4,0,11,5,1,0,0,0,0,2,1,0,0,110,0,0,0,0,0,0,0,5,0,11,0,2,0,0,0,1,1,0,12,0,0,1,4,0,0,0,0,0,1,3,3,0,1,0,21,4,9,0,1,0,80
2024-08,254,78,299,2,14,0,391,52,295,3,115,4,6,5,1,1,1,0,0,2,2,11,22,0,0,0,1,6,1,0,0,1,2,1,0,2,1,2,3,12,1,0,9,0,0,1,5,0,2,1,5,0,0,96,0,0,1,1,0,23,0,0,1,4,0,12,6,0,0,0,0,0,0,2,0,1,114,0,1,0,0,0,1,0,2,0,9,0,1,0,0,0,0,0,0,8,1,1,1,0,0,2,0,1,0,0,1,1,2,1,0,15,2,4,0,0,0,70
2024-09,293,92,324,3,4,0,499,80,299,10,143,16,13,7,0,0,2,1,1,1,4,8,19,1,0,0,0,5,3,0,0,1,5,1,0,4,0,10,2,7,3,0,6,0,0,1,9,0,2,0,1,0,0,74,1,0,1,1,1,34,4,0,0,4,1,25,11,0,0,0,0,1,3,0,0,1,136,0,0,1,0,1,0,0,5,0,10,0,2,0,0,0,0,0,0,9,2,0,2,1,0,1,0,0,0,1,1,1,1,1,0,19,5,7,0,0,0,83
2024-10,261,102,330,5,8,0,495,83,278,5,118,19,10,7,2,0,1,1,1,0,2,12,16,1,0,0,0,4,1,0,0,2,3,1,1,3,0,9,1,13,1,0,12,0,0,0,8,0,3,0,1,0,0,78,2,1,1,1,0,26,2,0,0,4,0,25,15,1,0,1,0,2,3,0,0,1,120,0,0,0,0,0,0,0,3,0,18,0,4,0,0,1,1,0,0,17,0,2,1,0,0,0,0,0,1,0,3,3,3,4,0,20,3,7,0,0,0,98
2024-11,231,93,321,2,5,0,475,72,229,10,131,11,12,2,0,1,1,0,1,1,7,13,18,1,0,0,0,1,2,0,0,2,5,3,2,6,0,11,2,14,2,0,11,0,0,0,8,1,5,0,3,0,0,83,4,0,4,0,0,24,0,0,1,6,1,21,10,0,0,4,0,0,2,2,0,1,147,0,0,3,0,1,2,0,4,0,11,0,3,0,0,2,2,0,0,11,2,0,2,4,0,1,1,0,0,2,0,2,1,2,0,13,5,8,0,0,0,70
2024-12,637,223,573,5,20,0,997,151,429,11,255,21,17,11,4,1,2,0,1,1,8,25,36,1,0,0,0,7,2,0,0,5,11,3,7,3,3,21,4,21,2,0,12,0,0,1,21,0,4,0,7,0,0,154,0,0,0,1,0,54,1,0,2,5,1,45,29,0,0,3,0,0,2,2,0,0,251,0,1,0,0,0,1,0,9,0,26,0,3,0,0,1,1,0,1,13,4,2,1,2,0,4,0,1,2,1,4,7,3,3,0,44,7,9,0,0,0,137
2025-01,1591,283,785,29,56,0,1822,286,693,20,324,22,20,26,8,2,0,2,1,1,4,15,29,2,0,0,1,12,1,0,0,5,8,4,9,8,2,13,7,23,13,0,22,0,0,2,19,0,13,0,4,0,0,263,6,0,6,0,0,97,1,0,4,5,1,46,27,0,1,4,0,3,1,7,6,0,397,0,2,0,0,1,0,1,12,0,20,0,3,0,0,1,0,0,0,41,9,6,2,6,0,2,0,1,2,0,5,4,2,1,0,112,7,30,0,0,0,257
2025-02,325,133,334,3,9,0,541,81,186,2,118,11,14,8,2,2,1,1,1,1,5,12,11,0,0,1,3,1,2,0,0,1,2,2,1,3,1,7,2,9,5,0,12,0,0,0,9,0,1,0,4,0,0,95,0,0,1,0,0,12,0,0,2,3,0,29,17,0,0,0,0,0,2,0,0,1,150,0,1,0,0,0,2,1,5,0,15,0,3,0,0,0,0,0,0,7,2,1,0,2,0,0,0,1,0,0,1,0,1,0,0,19,1,7,0,0,0,84
2025-03,299,128,396,8,5,0,625,99,240,8,136,12,17,9,0,0,1,1,0,1,4,9,17,2,0,0,1,2,3,0,0,0,1,4,2,4,1,7,2,17,1,0,10,0,0,0,11,0,4,1,4,0,0,109,2,0,2,1,0,24,1,0,2,3,1,23,18,1,0,2,0,0,1,0,1,1,182,0,1,2,0,0,0,0,10,0,12,0,2,0,0,2,0,0,0,6,2,1,2,2,0,0,0,0,0,0,2,1,2,3,0,12,2,6,0,0,0,113
2025-04,348,146,351,9,8,0,601,118,223,5,125,13,12,16,1,1,3,0,2,1,4,13,12,0,0,1,0,3,3,0,0,1,3,3,4,3,0,6,1,15,3,0,5,0,0,1,11,0,1,0,4,0,0,106,0,0,1,2,0,34,1,0,1,4,1,15,12,0,1,0,0,0,2,0,2,1,169,0,1,0,0,1,1,0,4,0,12,0,3,0,0,0,0,0,0,11,0,1,1,3,0,2,1,1,3,0,1,4,2,1,0,19,2,10,0,0,0,130
2025-05,319,94,294,6,9,0,473,104,191,8,133,12,6,13,0,2,2,0,0,0,5,9,19,0,0,1,0,2,1,0,0,0,0,0,6,4,1,10,2,13,6,0,8,0,0,0,18,0,3,0,2,0,0,111,0,0,0,0,0,35,0,0,0,5,0,18,17,0,0,1,0,2,3,3,0,0,122,0,0,0,0,0,0,0,6,0,9,0,1,0,0,0,1,0,0,8,1,1,2,3,0,0,0,0,1,0,2,2,0,0,0,16,1,4,0,0,0,129
2025-06,410,123,446,1,12,0,654,145,356,8,186,20,21,9,0,1,3,1,5,3,4,19,21,0,0,0,2,3,2,0,0,1,5,2,1,2,1,12,4,26,2,0,10,0,0,2,13,1,5,0,5,0,0,151,2,0,1,1,0,35,1,0,2,7,3,32,16,0,0,2,0,6,2,1,0,0,185,0,1,1,0,1,0,1,10,0,15,0,1,0,0,1,1,1,0,8,2,1,1,5,0,3,0,0,1,0,2,3,2,1,0,25,1,13,0,0,0,140
2025-07,315,75,331,7,8,0,517,105,300,5,152,10,14,13,0,0,0,0,1,1,3,7,29,0,0,1,0,2,3,0,0,4,4,0,4,1,0,15,0,18,7,0,8,0,0,0,3,0,3,0,8,0,0,90,1,1,1,0,0,33,1,0,0,1,0,25,10,0,0,2,0,1,3,2,1,1,158,1,1,0,0,0,1,0,4,0,12,0,3,0,0,0,1,0,0,10,2,1,1,2,0,1,0,0,1,0,2,1,0,2,0,24,0,4,0,0,0,119
2025-08,312,98,364,5,10,0,501,128,334,6,156,9,14,10,1,0,1,1,2,0,5,11,28,1,0,0,0,1,2,0,0,1,5,3,3,2,1,16,2,13,7,0,16,0,0,0,13,0,4,0,5,0,0,133,0,0,0,1,0,28,2,0,4,1,1,30,10,1,0,0,0,4,0,4,0,0,194,0,0,3,0,0,0,0,6,0,10,0,2,0,0,1,3,0,0,14,2,2,0,1,1,1,0,0,0,1,0,1,1,3,0,21,2,5,0,0,1,118
2025-09,363,93,412,9,11,0,576,153,440,10,204,12,16,7,2,2,3,0,3,2,7,14,23,0,0,0,0,0,1,0,0,4,9,6,2,4,1,10,3,20,5,0,21,0,0,0,7,0,2,0,4,0,0,168,1,2,3,0,0,41,1,0,1,3,0,30,15,0,0,1,1,2,1,3,0,0,168,0,1,1,0,0,0,0,6,0,9,0,3,0,0,0,1,0,0,10,3,2,1,3,1,0,1,1,0,0,2,6,3,2,0,16,1,8,0,0,1,136
2025-10,371,84,404,10,13,0,639,153,460,7,227,22,23,10,2,0,2,2,2,1,2,12,27,0,0,1,2,4,1,0,0,2,7,3,1,3,3,10,9,20,4,0,19,0,0,0,20,0,2,0,10,0,0,183,2,1,5,2,0,31,3,0,1,4,0,26,18,1,0,1,0,2,1,0,3,0,184,0,0,2,0,0,0,0,6,0,19,0,2,1,0,2,3,0,0,17,4,0,3,2,0,1,1,0,0,1,4,0,1,1,0,24,4,9,0,0,0,173
2025-11,323,89,445,6,10,0,581,136,519,5,176,19,16,17,0,0,2,2,4,1,5,11,27,0,0,1,1,4,5,0,0,1,4,4,3,6,1,6,2,31,10,0,21,0,0,1,20,0,1,1,5,0,0,182,3,0,2,1,0,37,1,0,2,4,2,26,21,2,1,2,0,4,5,1,1,0,185,0,0,4,0,0,0,0,16,0,18,0,2,0,0,1,0,0,0,10,2,0,1,0,0,1,1,0,2,0,1,1,0,0,0,20,4,18,0,0,0,187
2025-12,752,208,788,10,23,0,1318,303,725,16,441,31,32,24,4,1,1,0,7,3,9,23,50,1,0,1,0,4,5,0,0,1,11,7,10,1,2,79,5,37,9,0,40,0,0,1,17,0,9,0,9,0,0,360,3,1,5,2,0,60,2,0,1,3,1,54,44,1,0,1,0,12,3,6,2,1,320,1,1,0,0,0,1,0,14,0,29,0,4,0,0,1,1,0,0,33,4,0,1,9,0,4,2,0,0,0,5,9,5,3,0,42,6,22,0,0,0,286
2026-01,393,80,395,5,15,0,664,156,464,4,204,14,15,13,3,0,0,2,6,0,4,8,40,1,0,0,0,7,1,0,0,1,5,5,7,1,0,12,5,22,7,0,27,0,0,1,14,0,8,0,1,0,0,212,2,0,4,0,0,50,1,0,2,4,1,27,21,0,0,0,0,5,1,6,1,1,224,0,1,2,0,0,0,0,4,1,17,0,1,0,0,0,2,0,0,15,3,1,0,7,0,1,0,0,0,0,2,0,2,1,0,20,8,13,0,0,0,179
2026-02,206,70,344,7,9,0,384,127,376,7,160,16,14,10,4,1,0,0,0,0,5,7,29,1,0,0,0,4,2,0,0,2,6,1,1,1,0,13,2,20,4,0,16,0,0,0,8,0,3,0,3,0,0,140,3,0,2,1,0,37,1,0,1,4,1,27,12,1,0,1,0,5,0,2,1,1,151,0,0,1,0,0,0,0,1,0,10,0,4,0,0,2,0,0,0,12,1,0,1,1,1,0,0,0,0,0,1,3,0,0,0,11,1,10,0,1,0,119
