Date,War_Conflict_US,War_Conflict_GB,War_Conflict_CA,War_Conflict_AU,War_Conflict_UA,War_Conflict_RU,War_Conflict_FR,War_Conflict_DE,War_Conflict_BR,War_Conflict_CN,War_Conflict_JP,War_Conflict_PK,War_Conflict_KP,War_Conflict_KR,War_Conflict_IN,War_Conflict_TW,War_Conflict_NL,War_Conflict_ES,War_Conflict_SE,War_Conflict_MX,War_Conflict_IR,War_Conflict_IL,War_Conflict_SA,War_Conflict_SY,War_Conflict_FI,War_Conflict_IE,War_Conflict_AT,War_Conflict_NO,War_Conflict_CH,War_Conflict_IT,War_Conflict_MY,War_Conflict_EG,War_Conflict_TR,War_Conflict_PT,War_Conflict_PS,War_Conflict_AE,War_Conflict_All
2011-07,4,0,1,2,0,1,3,1,1,0,2,8,0,0,4,2,2,1,0,4,1,0,1,0,0,2,1,18,0,3,0,0,1,3,0,0,66
2011-08,3,2,5,0,0,1,7,6,0,1,6,6,2,2,1,2,4,4,2,5,0,4,1,3,4,1,0,5,2,3,1,6,0,1,2,2,94
2011-09,9,6,8,1,0,1,4,6,0,0,6,10,1,0,2,0,1,2,0,0,1,1,3,1,0,5,2,0,4,4,1,6,3,0,3,0,91
2011-10,6,3,4,4,0,1,4,5,1,3,1,5,1,3,3,2,2,6,1,5,4,0,5,1,0,1,2,3,2,5,0,7,5,2,0,0,97
2011-11,2,5,3,6,0,3,4,0,1,0,1,10,1,1,3,0,1,1,3,4,4,2,0,2,2,0,1,2,2,1,3,6,1,4,2,0,81
2011-12,6,8,2,4,0,0,8,5,2,2,3,1,1,7,3,2,4,7,6,2,15,6,3,3,2,4,0,1,2,6,0,5,1,0,1,2,124
2012-01,4,4,4,3,0,3,4,4,0,6,11,4,1,1,0,0,1,7,1,6,16,7,3,0,1,3,2,1,3,5,0,5,2,2,0,2,116
2012-02,3,2,8,4,0,1,2,5,1,2,1,7,1,3,3,1,1,4,0,4,6,2,1,3,0,4,2,1,3,5,1,0,1,3,0,1,86
2012-03,5,1,5,2,0,0,4,2,3,3,0,4,3,0,1,0,2,6,1,11,10,5,2,4,0,4,1,3,0,2,0,3,3,8,1,0,99
2012-04,1,4,3,4,1,2,5,5,1,1,2,3,1,0,3,0,3,6,3,10,2,0,4,0,0,2,0,6,5,2,0,5,4,4,1,2,95
2012-05,3,4,2,4,1,2,3,1,2,2,5,3,0,1,2,1,7,8,2,15,2,5,1,1,3,4,1,4,3,6,4,5,2,5,2,1,117
2012-06,8,3,5,3,0,3,4,2,1,1,8,11,1,3,5,1,3,3,3,8,1,6,1,10,1,3,1,4,3,2,1,6,7,5,1,0,128
2012-07,10,7,3,2,0,2,5,4,1,1,2,2,3,2,3,0,2,4,5,3,7,3,5,8,2,1,1,6,6,3,0,8,2,1,2,0,116
2012-08,4,3,11,4,0,0,2,2,2,0,4,3,2,5,3,4,4,3,5,7,5,4,0,6,1,4,2,4,6,2,2,2,2,0,2,1,111
2012-09,3,4,13,5,0,2,8,4,3,2,24,2,2,4,4,3,3,6,5,7,12,8,7,4,1,3,0,1,4,5,0,11,4,3,7,0,174
2012-10,9,3,9,3,0,3,3,5,4,2,6,8,3,6,4,0,5,9,3,6,5,5,7,7,2,1,2,5,3,5,0,6,11,5,2,0,157
2012-11,10,6,13,2,0,3,6,1,6,5,5,8,2,1,2,1,3,6,3,13,6,18,0,10,4,6,4,3,6,2,1,10,8,5,26,1,206
2012-12,5,9,7,6,0,0,6,6,2,4,6,6,4,2,2,3,4,4,5,6,5,5,3,14,1,8,3,3,3,5,2,3,10,1,2,0,155
2013-01,3,6,6,1,0,4,12,4,2,5,12,8,6,6,4,3,5,5,2,4,2,4,6,6,2,3,3,0,3,1,0,7,1,3,2,0,141
2013-02,4,7,5,1,1,2,5,5,2,4,5,6,13,13,1,2,1,1,0,8,2,1,1,6,1,0,1,5,1,2,2,1,2,2,2,0,115
2013-03,10,10,8,2,1,2,9,4,4,8,9,13,67,48,5,4,2,7,6,3,9,10,7,14,2,8,3,5,4,4,0,4,3,3,2,0,300
2013-04,11,6,2,4,0,1,3,5,2,9,13,9,41,26,5,2,1,1,5,1,3,3,2,10,3,4,2,8,4,4,1,3,1,2,2,0,199
2013-05,3,7,5,6,0,1,6,6,3,4,9,8,3,2,1,0,2,5,4,7,4,8,4,24,8,9,2,3,2,5,1,2,7,2,3,1,167
2013-06,9,7,8,4,0,4,7,13,5,3,3,5,2,3,4,0,0,9,0,6,5,6,7,18,3,10,1,1,5,4,1,18,16,5,0,0,192
2013-07,9,7,8,3,0,4,5,6,3,3,7,3,8,3,2,3,1,4,2,10,0,3,3,14,3,5,3,4,4,1,0,38,0,3,4,0,176
2013-08,10,9,8,6,1,2,5,5,2,6,12,11,7,2,8,2,2,4,4,3,4,8,6,90,3,7,4,2,4,5,2,27,5,3,1,1,281
2013-09,9,11,8,2,0,5,7,9,4,9,6,8,4,0,3,6,7,6,5,7,8,11,14,107,1,3,1,4,4,5,0,10,6,3,4,0,297
2013-10,7,13,15,4,0,1,13,2,5,5,4,11,2,4,7,3,7,4,0,7,7,3,4,10,2,1,5,3,2,11,2,6,3,0,0,0,173
2013-11,4,9,9,4,0,0,8,10,2,5,11,5,13,3,3,2,2,6,4,6,7,10,5,14,2,2,2,5,2,8,1,4,3,4,1,0,176
2013-12,6,6,6,3,2,5,4,2,5,8,14,9,11,9,7,1,5,7,3,6,4,5,5,14,4,5,5,5,2,5,0,4,7,5,0,0,189
2014-01,12,13,15,2,0,2,7,4,2,7,16,6,4,10,4,2,1,6,1,6,7,7,2,12,0,1,3,5,2,2,1,1,2,4,2,0,171
2014-02,10,5,8,7,1,2,4,5,7,9,17,6,8,8,6,8,4,2,4,7,7,4,2,10,3,3,3,1,3,3,3,5,1,3,2,0,181
2014-03,10,9,12,1,18,12,4,8,4,9,11,6,5,8,5,6,2,4,4,5,6,4,3,11,8,4,7,6,2,2,5,5,12,5,1,0,224
2014-04,5,7,5,7,1,3,9,6,6,5,12,8,5,10,4,5,5,5,9,4,4,3,2,20,3,4,1,3,4,4,1,4,9,3,0,1,187
2014-05,7,8,11,5,1,2,11,3,4,5,6,8,2,4,6,2,3,6,8,5,5,8,4,10,4,5,5,2,5,5,0,11,3,3,0,0,177
2014-06,14,9,4,4,2,6,11,10,3,9,7,6,7,1,10,0,9,6,8,5,7,9,10,12,9,8,7,8,2,3,0,6,2,2,1,1,218
2014-07,9,16,11,9,2,4,8,14,5,6,10,4,5,2,7,3,13,1,4,4,1,30,2,9,6,6,7,4,7,3,23,7,5,2,54,0,303
2014-08,6,15,20,6,4,4,10,8,4,4,12,12,2,7,8,1,6,6,7,5,6,23,14,23,9,6,6,7,4,5,4,13,7,1,41,4,320
2014-09,8,9,14,9,2,4,12,9,0,8,10,11,2,3,9,3,8,4,5,7,0,3,13,29,1,6,8,5,3,8,2,10,4,3,7,2,241
2014-10,9,4,29,6,2,1,6,6,4,4,6,6,7,5,6,1,3,7,11,12,3,5,9,15,11,6,2,4,2,6,0,4,16,2,6,0,226
2014-11,8,10,16,4,3,4,7,6,2,7,6,4,5,1,6,1,9,8,4,10,3,2,6,9,12,5,3,5,3,4,1,7,2,2,4,0,189
2014-12,15,10,5,1,1,10,7,11,3,4,6,8,21,5,7,3,3,6,3,2,5,4,9,7,4,5,4,2,3,4,1,4,2,1,1,2,189
2015-01,7,5,12,5,2,3,23,8,5,2,11,7,6,0,3,3,6,5,6,5,8,9,13,6,2,8,3,6,1,1,1,3,3,5,3,2,198
2015-02,8,5,5,6,1,6,9,14,1,4,6,9,3,7,6,2,7,7,16,12,8,9,9,7,8,6,6,6,6,2,0,9,6,3,4,3,226
2015-03,15,6,10,3,4,4,6,10,3,5,12,11,3,4,4,4,6,2,7,10,19,19,17,15,5,4,3,10,3,1,0,12,4,11,8,1,261
2015-04,16,10,15,6,3,5,6,9,6,7,15,9,2,3,4,2,5,5,3,7,7,8,9,4,3,1,5,6,3,5,1,6,4,6,6,0,212
2015-05,8,8,9,9,1,5,7,11,4,11,8,7,2,11,5,2,11,3,7,6,2,5,15,10,7,4,5,4,3,3,1,8,9,4,7,2,224
2015-06,12,9,9,3,2,7,8,11,6,9,8,6,2,4,5,4,5,4,12,6,8,14,9,8,6,9,5,2,7,6,1,5,3,3,9,0,227
2015-07,6,10,13,10,1,4,6,8,7,5,9,4,4,8,9,3,3,3,9,9,7,11,6,7,4,14,5,7,7,10,1,9,13,6,4,0,242
2015-08,10,9,8,7,3,4,14,7,5,7,24,10,29,36,9,3,7,7,7,7,11,5,10,10,5,6,1,6,8,3,3,11,17,4,4,3,320
2015-09,11,5,7,9,0,4,10,15,3,9,7,12,3,4,7,3,7,6,12,6,13,6,16,48,8,6,5,5,3,6,2,9,7,0,1,3,278
2015-10,16,9,7,2,0,7,7,14,1,11,15,2,7,3,3,0,5,2,12,8,11,6,28,64,5,1,4,6,8,7,1,9,21,0,2,3,307
2015-11,14,9,12,6,1,7,68,13,4,4,15,7,1,5,1,5,35,12,9,9,8,6,20,63,1,6,1,9,4,9,0,9,56,4,4,7,444
2015-12,14,7,6,4,0,6,10,14,3,4,12,10,3,3,6,3,8,8,9,4,2,2,25,37,8,5,4,6,3,6,1,4,35,4,3,4,283
2016-01,8,14,9,6,3,7,11,19,7,6,15,9,11,11,10,7,2,4,8,9,10,9,33,19,7,4,2,4,10,7,0,4,10,5,2,1,303
2016-02,13,13,5,4,4,25,15,8,4,10,6,2,13,5,6,2,10,12,9,14,11,5,30,62,9,13,9,6,6,8,0,12,45,7,2,3,408
2016-03,11,19,7,5,6,10,15,14,3,5,10,4,19,6,3,2,2,4,14,12,5,6,9,30,7,9,7,5,6,5,2,6,19,5,3,3,298
2016-04,9,9,8,10,3,9,7,12,7,4,17,6,10,6,5,5,6,8,14,12,5,7,22,14,7,9,4,3,8,5,1,4,9,5,3,2,275
2016-05,15,14,6,3,1,15,15,12,4,8,18,7,4,4,8,1,9,5,11,9,4,2,15,19,5,6,2,5,4,11,0,6,13,6,1,0,268
2016-06,6,17,8,2,1,13,13,13,2,3,7,10,6,1,8,1,7,3,5,5,4,9,10,15,5,8,4,5,8,10,1,13,14,4,2,2,245
2016-07,13,24,9,7,0,8,21,10,8,5,10,5,11,6,2,1,10,12,5,8,3,6,12,12,6,6,3,7,4,5,2,5,26,4,6,0,282
2016-08,10,13,10,7,2,14,13,16,6,10,13,6,9,3,7,3,4,7,6,8,4,10,7,30,11,8,4,7,2,7,1,7,22,2,5,0,294
2016-09,4,15,3,2,1,14,9,12,7,7,16,15,13,9,13,3,8,3,5,11,5,1,19,36,2,5,7,6,8,5,2,6,12,3,0,0,287
2016-10,65,31,12,8,2,245,21,23,8,23,8,15,10,5,15,1,18,5,8,5,24,10,29,104,8,12,4,5,6,6,2,8,24,6,2,4,782
2016-11,36,10,10,7,4,44,11,14,4,10,6,6,7,4,4,2,7,4,11,8,9,4,21,33,3,7,6,4,4,4,2,8,13,3,2,1,333
2016-12,14,7,11,9,6,19,7,11,5,23,17,11,3,9,10,27,5,7,12,11,11,6,17,30,5,5,10,13,6,7,2,12,16,7,6,1,378
2017-01,15,14,12,3,1,11,13,14,5,31,18,6,6,9,12,10,9,5,5,18,9,7,20,16,3,10,9,9,6,10,2,12,10,4,7,0,351
2017-02,15,11,7,14,1,13,14,14,5,18,12,4,9,4,8,3,11,8,11,15,9,9,15,11,6,7,14,9,9,5,5,11,11,5,1,2,326
2017-03,18,14,20,9,2,6,14,17,4,9,16,5,26,8,6,5,12,7,19,15,4,3,14,21,10,9,12,12,5,9,1,12,11,8,4,0,367
2017-04,20,10,21,13,1,14,20,16,6,20,21,9,113,35,11,0,10,19,7,8,6,6,14,87,6,11,6,4,8,10,2,10,11,9,2,0,566
2017-05,14,11,14,11,2,8,14,17,8,11,8,5,34,12,4,1,14,6,7,12,7,7,20,9,8,11,9,7,3,3,4,6,13,8,1,3,332
2017-06,12,11,13,7,2,5,5,4,3,15,12,9,19,9,10,3,7,7,8,5,7,8,20,28,3,15,10,7,8,8,1,7,7,8,3,7,313
2017-07,15,15,12,14,0,6,9,13,7,11,18,8,46,15,15,0,8,5,12,7,9,5,20,10,9,10,7,6,12,7,1,17,9,8,5,6,377
2017-08,21,15,11,7,1,11,6,19,5,24,29,13,124,29,27,4,5,4,7,11,8,7,10,13,5,12,8,4,7,7,1,7,8,5,3,5,483
2017-09,17,13,12,8,1,12,8,10,8,16,17,14,89,19,7,3,7,7,11,7,5,11,23,17,5,6,5,1,5,3,3,7,17,9,6,4,413
2017-10,21,11,19,8,4,12,10,13,7,9,5,6,46,15,4,5,9,28,12,7,11,7,13,13,2,14,7,9,5,8,1,10,8,7,3,5,374
2017-11,19,20,13,6,2,7,14,10,6,9,16,6,37,15,9,3,12,8,5,7,17,6,79,14,8,8,9,8,8,9,8,15,16,7,1,9,446
2017-12,8,9,9,8,0,3,9,11,10,12,16,4,47,16,15,3,13,3,10,8,4,10,19,9,3,13,6,8,3,7,2,11,6,6,7,1,329
2018-01,16,12,11,7,1,9,17,14,9,8,8,10,33,17,4,3,12,14,20,6,5,8,18,14,8,8,7,12,7,10,1,16,10,4,3,10,372
2018-02,14,14,7,3,3,8,6,16,8,9,8,3,21,8,4,2,7,3,2,6,6,6,9,22,1,8,8,5,8,10,1,5,14,0,2,3,260
2018-03,23,36,21,11,1,20,21,11,10,39,17,7,13,12,7,7,13,13,14,14,16,5,26,32,6,11,10,3,12,10,0,17,19,7,2,5,491
2018-04,15,28,13,9,3,18,25,17,4,34,19,7,19,30,12,6,14,10,8,18,11,10,18,78,6,10,9,3,11,5,1,16,18,6,7,4,522
2018-05,15,12,18,5,2,9,17,9,8,20,16,4,17,15,9,4,5,4,17,14,33,24,18,22,4,7,6,5,7,9,2,8,8,1,11,9,394
2018-06,18,21,41,10,3,2,16,18,11,23,14,6,29,32,16,4,8,19,5,19,7,8,12,14,7,11,7,9,5,17,1,16,10,3,6,12,460
2018-07,26,20,22,10,3,23,14,20,8,44,15,4,25,6,5,5,9,12,5,15,13,4,12,11,6,8,8,4,3,12,2,13,10,5,5,10,417
2018-08,18,10,18,8,3,8,14,12,10,27,9,3,19,15,12,4,12,9,8,15,14,7,25,4,7,11,14,4,5,12,4,9,20,6,1,5,382
2018-09,15,11,13,14,3,7,19,17,15,19,10,7,8,6,12,2,11,11,6,12,8,7,16,15,5,7,9,6,6,13,5,4,11,11,2,9,352
2018-10,20,20,13,11,1,12,24,11,10,16,12,8,5,6,10,5,14,13,7,12,9,5,51,12,1,7,5,9,6,12,3,10,21,8,5,8,402
2018-11,30,17,18,13,2,15,27,27,7,23,10,10,11,7,9,5,9,10,9,14,7,7,35,12,14,11,14,14,4,9,1,12,9,6,4,7,439
2018-12,18,15,13,3,1,12,13,13,7,26,10,4,1,8,9,3,16,13,11,13,16,7,46,52,11,10,5,6,6,11,1,17,24,6,4,12,443
2019-01,18,22,14,10,3,15,25,15,16,19,19,8,9,7,11,7,10,11,9,14,10,2,7,18,12,17,8,10,9,13,1,10,14,7,3,6,409
2019-02,16,16,14,6,1,16,11,13,8,18,17,44,9,8,36,3,9,4,4,8,10,12,25,10,8,7,9,7,9,15,1,11,7,1,4,14,411
2019-03,18,13,11,4,3,8,16,11,11,16,9,18,6,7,20,3,9,10,5,15,2,10,16,12,4,12,5,5,8,11,2,9,11,5,7,0,332
2019-04,23,12,8,15,1,4,17,11,10,9,12,9,9,4,8,3,6,13,5,9,7,5,35,9,1,11,10,6,7,11,1,12,5,4,4,5,321
2019-05,29,24,15,14,3,5,18,14,20,61,20,4,11,5,11,5,20,14,10,21,34,11,34,10,6,8,16,6,7,9,2,8,8,13,4,14,514
2019-06,28,16,13,10,2,7,17,15,5,27,17,5,14,3,19,9,9,11,7,25,39,5,36,11,5,8,11,10,8,12,5,9,5,9,2,14,448
2019-07,17,28,10,11,0,10,20,25,8,29,16,13,8,17,14,7,8,12,16,10,15,3,16,10,6,5,11,9,11,10,2,3,10,6,0,5,401
2019-08,19,15,12,12,0,11,18,13,25,67,25,16,8,18,17,7,14,11,9,8,4,7,5,10,7,17,9,9,7,14,4,7,11,13,2,4,455
2019-09,38,27,10,17,2,5,24,15,17,35,22,16,11,10,15,8,13,15,11,16,24,2,71,10,5,12,16,8,12,14,0,8,7,7,3,6,532
2019-10,30,17,13,8,10,14,24,18,13,40,20,8,5,10,14,11,3,13,6,10,8,4,18,103,12,15,7,7,4,9,7,8,153,8,2,0,652
2019-11,25,23,18,10,2,8,17,16,3,32,17,4,8,8,6,10,8,10,8,26,9,5,12,15,9,1,7,8,6,10,3,6,26,6,1,0,383
2019-12,23,20,15,12,7,10,18,27,12,14,10,6,11,6,4,3,9,5,12,9,8,3,13,10,10,7,5,4,5,8,0,9,14,6,2,2,339
2020-01,48,29,22,25,6,17,20,18,16,35,15,12,10,14,21,6,18,16,14,19,142,12,44,22,7,8,15,6,14,17,4,16,18,8,1,10,725
2020-02,25,20,15,8,1,5,8,17,7,16,12,1,4,4,11,8,8,12,6,13,4,5,13,12,4,9,13,4,4,5,1,9,17,5,1,3,310
2020-03,32,20,14,13,3,18,17,17,13,24,18,10,7,20,12,10,12,23,13,7,11,11,41,24,8,17,11,8,7,39,3,6,26,9,2,7,533
2020-04,27,20,22,15,1,11,14,21,9,22,17,10,7,8,15,17,8,25,16,20,10,4,22,7,10,13,6,11,11,24,6,9,10,15,1,7,471
2020-05,38,26,16,22,2,10,20,21,14,55,14,9,12,9,15,28,17,16,14,14,11,13,13,18,12,14,7,13,6,14,2,8,17,8,8,6,542
2020-06,36,23,22,17,2,12,24,20,11,35,14,16,10,21,47,12,15,12,12,11,11,7,11,10,9,17,16,5,7,19,1,19,16,5,3,5,533
2020-07,36,31,19,12,0,9,17,25,14,39,19,7,8,9,19,17,15,20,14,17,9,13,18,12,9,15,9,6,12,24,2,17,21,11,4,12,541
2020-08,37,23,10,8,0,10,38,30,14,36,14,10,8,9,17,14,11,23,16,13,9,6,8,10,8,6,6,13,6,20,1,11,26,10,4,16,501
2020-09,42,19,9,15,4,12,21,18,12,30,19,9,7,1,22,10,6,21,16,14,8,9,17,10,5,14,4,18,3,15,3,10,40,7,4,15,489
2020-10,37,19,20,13,5,12,17,18,15,35,20,11,5,13,23,18,14,15,9,15,7,5,4,13,7,10,13,10,10,23,3,11,39,10,3,4,506
2020-11,38,24,16,30,0,6,23,18,13,39,14,5,5,5,15,6,22,18,8,8,19,22,23,22,7,7,9,5,14,10,1,13,21,13,2,16,517
2020-12,36,24,19,37,1,20,19,21,16,38,15,3,3,10,10,8,17,11,10,13,14,7,14,5,9,11,5,8,9,13,2,6,12,13,0,9,468
2021-01,48,33,29,20,0,16,27,13,12,41,19,9,10,10,15,27,15,15,5,13,13,9,18,12,7,18,8,7,13,24,2,6,22,3,7,9,555
2021-02,27,18,13,12,0,13,21,16,8,26,17,5,2,5,18,8,6,18,9,14,16,14,29,22,7,12,7,9,6,7,0,7,18,12,6,6,434
2021-03,30,29,15,17,2,14,21,17,17,40,21,12,6,3,15,28,10,14,5,15,10,14,25,19,11,21,9,4,4,14,1,7,14,7,7,2,500
2021-04,43,19,10,19,18,30,29,22,7,49,21,13,11,7,12,53,11,25,5,10,17,8,13,15,10,15,8,7,10,19,3,15,26,9,3,5,597
2021-05,27,23,14,20,1,8,32,23,12,42,15,6,5,11,8,24,6,12,8,18,11,66,11,12,3,17,14,4,8,12,2,20,23,7,87,5,617
2021-06,38,30,13,16,3,14,27,14,16,42,25,13,4,8,22,29,3,25,14,16,14,19,10,26,6,24,11,5,13,24,2,13,15,12,10,4,580
2021-07,42,29,6,22,0,23,32,19,14,54,28,21,5,5,14,31,12,17,14,13,18,11,7,16,7,16,9,6,7,18,3,13,24,8,12,3,579
2021-08,45,19,11,22,3,8,20,19,20,25,22,33,3,7,22,17,13,16,9,10,13,8,20,11,4,6,8,6,10,18,2,7,11,12,7,8,495
2021-09,36,25,13,30,1,11,36,26,12,51,20,16,8,5,17,18,9,22,10,9,8,12,17,14,5,8,3,7,9,19,0,9,20,15,5,1,527
2021-10,31,20,11,21,0,7,24,15,17,41,18,9,5,6,14,65,12,14,7,20,5,4,4,6,8,10,8,2,9,20,1,8,15,11,6,2,476
2021-11,34,18,14,16,7,18,17,20,16,37,21,6,4,2,11,47,5,9,12,13,12,11,9,13,8,8,13,4,11,13,2,10,12,6,1,0,460
2021-12,36,19,10,11,15,22,21,19,10,45,10,7,6,10,11,30,4,12,8,11,15,12,7,13,11,6,10,6,10,11,1,12,20,6,4,4,465
2022-01,60,34,22,20,56,66,33,31,19,50,21,10,3,5,18,31,13,19,16,14,4,9,10,10,21,24,14,6,12,20,1,8,19,7,2,10,718
2022-02,60,44,56,24,236,246,33,34,10,82,30,12,6,10,29,44,20,14,27,14,6,12,7,18,44,21,16,11,30,26,8,9,48,12,4,4,1307
2022-03,96,63,52,20,460,436,50,47,36,128,43,22,18,13,77,62,28,24,35,35,28,22,32,57,60,19,14,18,51,36,3,21,60,16,8,10,2200
2022-04,57,37,17,21,236,179,45,49,20,68,43,15,10,14,60,46,25,19,33,18,3,17,13,21,47,15,20,7,31,24,3,8,30,5,11,2,1269
2022-05,78,50,35,29,161,135,34,31,27,56,32,17,8,10,34,52,16,28,44,30,13,16,11,12,75,26,18,13,17,28,0,15,48,12,7,2,1220
2022-06,63,45,22,24,139,144,50,32,12,59,23,10,4,7,38,42,24,28,29,20,14,15,13,16,34,19,10,12,26,35,2,18,34,8,4,1,1076
2022-07,54,43,26,10,110,106,30,38,19,65,27,13,10,3,24,45,25,28,24,18,15,4,19,11,27,19,18,11,24,26,5,9,43,9,2,2,962
2022-08,76,31,30,20,93,103,29,43,12,81,40,22,7,9,33,126,15,16,22,16,18,17,15,15,36,11,14,6,22,19,2,11,48,9,11,5,1083
2022-09,51,35,21,22,120,119,30,38,13,44,21,13,19,8,34,45,14,18,18,12,17,6,15,16,27,18,8,14,22,27,3,8,46,13,6,3,944
2022-10,20,31,14,14,87,69,18,23,12,25,13,9,14,8,19,19,9,8,13,15,17,7,10,12,8,5,3,16,7,15,3,8,10,11,7,6,585
2022-11,23,23,9,13,61,32,17,11,11,22,7,7,5,9,8,8,15,20,6,5,12,2,6,8,7,7,2,6,16,9,5,4,12,12,1,2,423
2022-12,29,15,8,13,69,45,21,18,17,15,16,9,4,5,11,12,13,15,8,6,11,7,10,14,8,5,7,1,9,10,0,6,27,6,4,0,474
2023-01,18,23,9,14,50,38,19,17,17,20,16,15,11,6,17,19,11,13,9,10,13,11,9,9,6,4,2,3,11,11,2,6,15,8,2,3,467
2023-02,20,16,12,13,95,63,29,19,16,50,23,10,12,10,19,12,7,20,13,9,7,6,2,17,11,3,4,11,11,17,0,4,23,4,10,3,601
2023-03,29,25,11,15,75,59,21,9,17,36,21,9,14,7,9,20,9,15,5,8,13,11,5,13,8,8,3,5,21,15,1,4,6,7,1,1,536
2023-04,13,21,11,5,57,35,16,17,19,44,20,10,7,11,13,24,8,14,9,9,7,7,10,9,12,12,1,7,14,17,2,8,7,5,2,3,486
2023-05,20,22,15,10,54,35,18,12,9,29,27,13,4,9,18,11,6,15,6,9,7,8,4,13,5,9,12,3,12,12,2,6,11,9,4,2,461
2023-06,16,15,16,13,50,51,17,16,8,19,12,3,4,3,10,8,11,12,4,5,6,8,5,8,6,6,5,3,7,11,0,8,9,3,4,4,386
2023-07,24,26,11,9,49,39,16,9,10,25,18,7,3,8,12,14,17,17,12,6,1,13,6,4,11,7,3,6,8,12,1,7,6,3,2,2,424
2023-08,21,23,11,14,44,33,14,9,8,22,19,10,6,10,22,17,16,15,5,15,6,2,14,7,5,9,6,5,8,14,1,8,12,10,1,2,444
2023-09,25,14,19,12,50,28,19,13,12,26,16,15,13,4,23,22,10,14,10,10,10,6,11,8,12,7,4,4,11,11,3,5,13,3,5,2,470
2023-10,43,34,24,13,50,28,34,14,18,23,19,14,17,9,25,24,9,14,13,14,48,286,31,21,12,10,8,5,13,16,3,30,14,5,179,10,1130
2023-11,33,26,14,12,55,34,26,6,13,24,13,7,10,8,15,17,11,25,9,8,19,178,12,13,14,12,7,3,8,19,3,14,13,8,164,9,862
2023-12,34,18,21,20,36,22,22,23,10,19,12,11,9,11,15,10,13,10,14,20,10,110,14,9,20,11,8,8,12,11,5,19,12,7,113,10,729
2024-01,36,44,25,18,45,47,19,16,15,26,16,17,27,17,30,38,15,20,25,9,30,82,14,12,14,7,8,10,15,16,2,28,8,12,92,13,868
2024-02,25,24,14,15,71,63,21,15,11,25,14,5,4,8,13,20,10,21,11,8,15,66,6,6,10,12,7,9,11,21,1,13,6,5,71,1,658
2024-03,26,36,13,13,43,65,42,25,12,24,25,12,12,9,17,17,11,15,11,7,9,58,9,10,12,9,7,9,15,16,5,11,14,4,77,3,703
2024-04,22,35,12,17,58,83,28,19,15,48,21,14,6,12,11,33,11,20,11,11,42,81,11,11,8,4,4,3,9,9,2,12,11,9,92,6,801
2024-05,33,33,11,10,57,70,37,20,8,46,25,11,9,2,18,23,9,15,12,8,8,74,15,12,9,13,7,17,14,12,1,22,17,8,86,2,774
2024-06,15,20,17,6,54,45,26,11,17,44,13,15,20,13,25,21,2,12,13,22,17,71,10,8,8,8,4,5,9,10,1,9,15,3,71,8,668
2024-07,28,33,15,14,55,58,26,16,9,30,23,9,16,16,18,16,7,16,10,7,15,47,5,9,7,7,6,6,8,14,4,10,22,6,62,5,655
2024-08,31,46,10,14,58,64,25,24,12,22,10,5,5,7,14,10,8,12,10,12,23,80,3,7,5,9,6,5,6,12,3,15,8,4,66,5,656
2024-09,27,34,28,24,88,82,18,22,13,37,22,11,11,11,25,17,8,11,17,25,19,93,8,10,5,7,6,11,10,12,2,17,10,8,78,9,836
2024-10,27,38,19,16,81,68,28,31,12,35,22,16,49,19,17,30,13,15,8,18,40,137,16,14,9,11,10,9,13,18,3,16,14,7,124,4,1007
2024-11,47,43,17,16,141,92,23,14,14,38,10,12,20,8,15,14,9,20,18,24,15,64,6,8,18,3,3,10,6,11,1,11,10,8,79,4,852
2024-12,22,33,22,16,59,70,23,17,7,33,12,9,8,9,12,12,5,17,7,9,11,34,10,41,15,5,3,5,9,12,5,4,25,6,32,5,624
2025-01,47,39,41,14,63,48,25,21,15,30,16,10,13,12,15,17,8,18,14,23,17,41,4,13,8,6,4,6,7,21,3,11,5,5,59,5,704
2025-02,68,40,110,11,171,128,36,29,12,57,14,5,14,5,16,13,7,22,13,59,10,36,13,13,7,9,6,7,16,18,2,17,11,5,51,3,1054
2025-03,77,55,188,29,143,118,51,23,11,94,25,14,13,14,20,24,12,14,15,68,21,39,11,18,24,5,5,8,18,22,1,14,17,5,41,4,1261
2025-04,91,73,57,30,83,63,36,37,11,241,34,26,11,10,42,21,10,18,10,28,16,41,10,9,9,6,7,10,12,23,4,14,9,8,59,6,1175
2025-05,61,59,34,18,71,71,42,33,16,71,23,75,10,1,82,17,23,22,11,25,9,45,6,11,15,2,7,9,9,16,2,15,22,3,71,6,1013
2025-06,110,65,30,27,80,84,32,29,8,55,24,27,14,6,33,15,12,25,7,25,168,220,17,14,11,7,7,7,13,14,4,20,21,2,69,10,1312
2025-07,60,66,30,19,77,64,50,33,17,48,27,9,14,13,28,20,21,24,11,17,21,67,8,12,7,12,7,5,16,24,2,8,19,17,71,0,944
2025-08,62,54,31,21,70,83,41,30,18,31,22,14,12,8,53,11,21,19,7,20,19,61,5,8,15,9,8,9,10,18,4,15,10,7,92,6,924
2025-09,86,53,27,26,79,82,47,22,7,66,24,5,9,7,40,16,25,25,13,27,15,80,4,11,16,17,9,9,14,34,2,9,14,11,116,4,1051
2025-10,92,43,30,26,75,76,39,35,10,76,13,17,9,15,31,21,19,26,14,15,16,72,2,6,15,4,10,8,12,27,3,21,8,6,82,3,977
2025-11,91,56,26,20,98,97,44,47,13,53,25,5,11,13,23,17,21,29,6,25,15,41,4,14,10,11,5,13,17,26,4,11,14,4,44,11,964
2025-12,66,57,27,22,86,106,42,36,14,52,18,13,9,7,58,15,17,17,10,19,13,38,10,12,14,5,11,6,11,19,0,14,12,4,36,4,900
2026-01,122,71,50,27,71,85,51,49,10,55,23,13,10,7,29,25,17,28,12,31,34,42,7,19,15,13,11,19,16,17,3,20,5,6,37,13,1063
2026-02,82,45,25,25,76,89,35,40,11,58,26,21,18,13,33,21,13,29,12,22,117,73,5,13,11,17,15,17,12,27,2,16,18,16,37,12,1102
