Date,PC1,PC2,PC3,PC4,PC5
2011-07,-5.664057016550683,-1.3274509211547874,-0.9743833041196769,-0.9281917269147014,-0.5277171869555747
2011-08,-5.451420365363691,-0.7373235326088221,-1.3920921722301256,-0.2896503759665275,-0.06421675393867707
2011-09,-5.580600103938681,-0.8755210124813028,-1.5732795342616455,-0.03955316180167709,-0.1610237223489423
2011-10,-5.420584662498742,-0.6243734165023925,-1.1137397914180884,-0.5821525242524294,-0.20224955053893906
2011-11,-5.72587625126829,-0.5667550731302824,-1.570613810611952,-0.4127302962699834,-0.2682403251457138
2011-12,-5.10988733585295,-0.2379134469091144,-1.1113138103149973,-0.37542842333073256,-0.1798160533209711
2012-01,-5.1657917995393206,-0.31908593078042174,-1.1106555524022146,-0.6951111322554572,-0.3588736189683873
2012-02,-5.567146037492495,-0.8613198330543635,-1.1379606482761977,-0.4465310837306608,-0.6487581011991093
2012-03,-5.329426280010056,-0.5400553536519394,-0.8108869131191321,-1.1527266679586965,-0.38283004562474715
2012-04,-5.154396939756556,-0.7182993610583448,-1.0153143128672677,-1.0606420143728794,-0.18700097613977718
2012-05,-4.620476192495502,-0.5743516088730674,-0.9536903138149231,-1.2042379625027444,-0.22692774978226096
2012-06,-4.860939419162715,-0.819109366731499,-1.0882246949429226,-0.11735051529407856,-0.19909107135083282
2012-07,-5.263461059864,-0.6259029330917177,-1.308272182641722,-0.3187223336388926,0.37484731144691086
2012-08,-5.100402400731291,-0.822199187346552,-1.2323707392198078,-0.10488034928313873,-0.1817464617955493
2012-09,-4.065480792807475,-0.14525303346954077,-1.1226686413866662,-0.029763718007950045,-0.20962777600458457
2012-10,-4.339320773537504,-0.5993484867903274,-0.6226932041120686,-0.24150218917335994,-0.26167809727699815
2012-11,-3.7604436338095857,0.1483693024289953,-1.3981781319057207,-0.5103343625865636,0.150496510977239
2012-12,-4.44484177865865,-0.9084076444061707,-0.8716269249945326,-0.25542686223679106,0.19382874320585583
2013-01,-4.768546617739029,-0.5648858903240407,-0.9487816243905081,0.3286345390979171,-0.35196623756651807
2013-02,-5.4964502284326455,-0.6259969089253992,-0.9084264197706737,0.8632358992668258,-0.7021197686523183
2013-03,-3.338544297528888,0.929105231520973,1.3788938346120425,5.492545331539487,-2.642059445765534
2013-04,-4.397364187983661,-0.30006993389862685,0.06936005651663883,3.1032112397540663,-1.7003423434788512
2013-05,-4.342108441615038,-0.9703562797352673,-0.7759479472892777,-0.12455606607901683,0.2089943116876018
2013-06,-3.8526838611712675,-0.13115183367318256,-0.6922428121294072,-0.2833529067644378,0.8610020609870142
2013-07,-4.077218686135719,1.0269044145563166,-1.1785532302205743,0.17364496434191126,1.1709838903130003
2013-08,-3.3836403007545175,0.313680659949792,-0.20657861199626157,1.3941928881738503,3.078403544147883
2013-09,-3.6309847220228035,-0.5440571185000991,0.05140871826367267,0.8403067154022752,3.582985575698104
2013-10,-3.962801268162638,-0.43823821888755854,-1.0525689222552765,-0.22574312019522857,-0.10521961414258135
2013-11,-4.197152900022436,-0.5889447877805791,-0.7825886925061438,0.024501033323596037,-0.22590526958851373
2013-12,-3.8570265342302283,-0.7569061083264267,-0.20477181954813975,0.5130428383498756,-0.6929315639671944
2014-01,-4.275973857102947,-0.6225713237154766,-0.8462680822213137,0.470956700273479,-0.6576539571166301
2014-02,-3.9778239614064357,-0.5930847739538819,-0.8969653488027355,0.4368197269001624,-0.6862216875717905
2014-03,-3.5033173287616535,-0.9072552372860765,-0.7041463832460585,0.42586480085535877,0.07277258179151806
2014-04,-3.892158421188256,-0.8531306491972103,-0.6586394651156041,0.5093071171692349,-0.2658051000731302
2014-05,-3.8353380163139046,-0.42274790911206966,-1.0250770826864202,-0.11634215708308021,-0.09239117643255815
2014-06,-3.1883133515194952,-0.7869074987239828,-0.29664452167565925,-0.4485595735773176,0.2680032923898355
2014-07,-2.334693901431072,0.770991169730462,-1.8253265269650292,-0.06590088572591321,1.561023587245308
2014-08,-2.196270192903852,0.9488760819326403,-0.8431728318872937,0.4828514508558024,0.9290769670303028
2014-09,-2.8483442962650374,-0.33265581771180813,-0.024051564151344604,-0.12293153723731852,0.6731313666658393
2014-10,-3.1564158314912016,-0.9378024734767612,-0.7464899599881153,0.2181014721448881,0.18311400006509596
2014-11,-3.593412533125043,-0.8336540940243622,-0.9626300936257225,-0.4308663913833653,0.2252658526387457
2014-12,-4.250556539063767,-0.5161294151997811,-0.5924442970169667,0.6142281927996252,-0.3740944995265187
2015-01,-3.488471435866766,-0.45791688182230983,-0.2772313051194815,-0.7812461760025198,-0.035694474534635895
2015-02,-2.7947262512866176,-0.3606884894090248,-0.2971957222593899,-0.21049698070867956,0.00038780319769478815
2015-03,-2.7500667549277584,0.3040086095581388,0.027287330985532588,-0.43577880145881154,0.34749006086369705
2015-04,-3.1818781956196576,-0.4893055326293113,-0.6803985477631025,-0.4807153794943333,-0.5215383846689138
2015-05,-3.1451471535573274,-0.3308329138949886,0.01936272012499073,0.055612504877830274,0.06159040390316349
2015-06,-3.1074819016131405,-0.6930997356869701,-0.8999032231359685,-0.16511374347938118,-0.07767540814536887
2015-07,-2.3566365104602327,-0.511857353754409,-0.20941050486549634,-0.2372484529142815,-0.4187062208648356
2015-08,-1.942796300034294,0.6717677451392874,0.9331156345555304,3.199076775492524,-1.182488936782032
2015-09,-2.6808991692400053,-0.344421723456487,0.1494983207351533,0.23573107982541985,1.5468050209866024
2015-10,-2.9157114891581566,-0.5586018682067956,0.5684295674152133,0.699818634964019,3.061426839196475
2015-11,0.25905428805841074,-0.44874127097859684,1.915917943868702,-0.8918580356531677,4.076301169735264
2015-12,-2.582937392007039,-1.0542763603967882,0.7574184390971012,-0.05789659168598788,1.7278778616861947
2016-01,-2.138624456271165,-0.4010586514770648,0.36035561073589073,0.7132265198958303,0.0677436919317478
2016-02,-1.0296125852519873,-0.3705109765709375,1.9851615688030326,-0.024676158509056474,3.17510876366066
2016-03,-2.1873994487429225,-0.6038244868366577,0.20654193114690372,0.4793611281957477,0.8350516284189177
2016-04,-2.0685321582363825,-0.623474334815923,0.3101410122829503,-0.07854540150485882,-0.18753247202387
2016-05,-2.2934429728292813,-1.081438561102327,-0.08009310656952645,-0.15214987689137027,0.3789720588240638
2016-06,-2.7909889580012317,-0.4490785809091131,-0.5458369257339029,-0.11552790002377723,0.7989807417891328
2016-07,-2.150252369219958,-0.6272822443413633,-0.09889904951089444,-0.35320986544200644,0.4976278809262721
2016-08,-2.354032588008833,-1.0336563692763148,-0.477645837082833,0.19180865226642466,0.91630759254342
2016-09,-2.3870278947186887,-0.7105142823172603,0.4758518994004783,1.1548452033132934,0.5907423867427901
2016-10,1.9537615094827216,-0.9778441349463072,0.8262701940588191,1.5278560869123574,4.77723898838424
2016-11,-2.2410894947344167,-0.6021087048043662,0.185954729947738,0.0212211132010931,1.5605987731651574
2016-12,-0.6890189046977243,-0.4941169446844059,0.45210728561379276,0.08605151787949175,0.4021313949596127
2017-01,-0.8520879149956382,-0.21822949464152913,0.5415809918264349,-0.013852352892307008,0.3375743706034479
2017-02,-0.780388876109189,-0.16056934586960378,0.6915360764104111,-0.8879418942217395,0.41939681187960487
2017-03,-0.06333719577371828,-0.5093244697939782,1.0992662893276735,0.38505605345970834,0.13447190386645166
2017-04,0.49166726086276685,0.9403979225094834,3.397869749564645,6.331074608956916,-0.3853753433783336
2017-05,-1.1709357959067943,0.1366741040180087,1.6466638626381962,0.38586857668924274,-0.2533843015983888
2017-06,-1.590329216536598,0.15788246516567528,1.5764107534413416,0.3682739974993125,-0.09142915984972581
2017-07,-0.3976808084160029,0.8866793427316353,1.4615858124979162,1.6573027684336992,-0.8501426513880213
2017-08,-0.1751613346715272,0.9985559669879908,2.440886622390832,6.1093088634792005,-3.0586890638507334
2017-09,-1.3470928526140062,0.9576570239473174,1.9499179625646206,3.75418144188077,-1.371373681636433
2017-10,-0.5764669164379442,0.7827105381594108,1.6514333818956721,0.7667404358136065,-1.0824026448799988
2017-11,0.025821765577268545,2.1852046201357314,3.9088515422864614,0.7025429877242364,1.5688481976300948
2017-12,-1.5076105774410382,0.39276284486673446,1.4222942460001633,1.718455799874715,-0.8615471594090123
2018-01,-0.31022273938412276,0.9802985620585296,1.586216664150866,0.8728347100996637,-0.27721164970476514
2018-02,-2.914257000844607,-0.5003177704820634,0.24573417415528295,0.6068387625655802,0.3232042164537956
2018-03,1.5560220182650883,0.6492772878768714,1.4634616597489667,0.06372385459995823,0.7663095334138486
2018-04,0.9096957364284796,0.7588235306479109,2.0263099732706897,2.6052682154740805,1.7306333830757397
2018-05,-0.8955255642080441,1.4007347673307742,0.6768364707628436,0.7146431043128003,0.379823169171474
2018-06,1.4585321345492237,1.8013359444516468,1.8559866827603433,1.6096755814551869,-1.4550597036166437
2018-07,0.16704994437525625,0.7855333761021693,0.9130998523691576,-0.4841694867882515,-0.2829068600698293
2018-08,-0.09730253054417572,0.4955986706060846,1.8508479306577643,-0.09841581229630707,-0.18701282464134625
2018-09,-0.03218244685927868,0.22709489507981423,1.3880984037217023,-1.4976520828279163,-0.5249133369812036
2018-10,0.20158615568307334,0.8978552923475681,2.2278373383773524,-1.5512211228444943,0.9152977820316285
2018-11,1.2047301921990567,0.33779470541765183,1.8872125741558132,-1.0181027171660932,0.30082576169057906
2018-12,0.17587971843562777,1.0755960233150774,2.5647418252848584,-0.7041490234968479,2.8289423748295195
2019-01,1.107541543474103,-0.3386499098132234,0.8247281809001015,-0.7273244684805136,-0.44109158482409405
2019-02,0.5246330906766623,0.847003694175344,0.8053984608660714,0.9331715169101691,-1.2781673175022326
2019-03,-0.8760386574601253,-0.3939117592523266,0.003070995950320458,-0.013734795851937485,-0.4232202060452275
2019-04,-0.9552177216693039,0.628505330950177,1.3423898334356779,-1.1722668332778559,-0.1650593254010213
2019-05,2.808753466989719,1.6588512518890397,3.0655525520022016,-2.535864320920091,-0.4862282924287809
2019-06,1.2768432015734863,1.7352319961904368,2.47385015206944,-1.904285289692369,0.26721491937987374
2019-07,0.7323127511539468,-0.2694350760824652,0.9568783706175973,0.16445784296233287,-1.0875945662692226
2019-08,2.1530890462411216,-0.4790552870770214,1.415534024785082,-0.08317060943961604,-2.296810400613489
2019-09,2.932769627716872,1.138381179484677,3.565868790652553,-1.28347169350053,-0.3992818861886251
2019-10,2.084765063159669,-2.407673264379625,2.37335357583078,1.3241753921321053,5.973680900483675
2019-11,-0.1346633735612433,-0.742860373174372,0.1415219923901926,-0.5324207099098308,0.30380392102861986
2019-12,-0.7632508755979668,-0.5583560117123284,0.0712043026270323,-0.4388147246667433,-0.08465923744440715
2020-01,5.114214664947341,4.477427221375459,3.607205292251127,-1.9278287703351757,1.1242959903779781
2020-02,-1.103204531540405,-0.4384980655681837,0.524684393156907,-0.9685787731285395,0.15860412261324464
2020-03,2.863417944123279,0.2626974653248757,2.9933483015537417,-0.5964616179183214,-0.5384938592647305
2020-04,2.8717852273115803,0.09447843833158813,1.5187870448451544,-1.7120076720476765,-1.2741867980363766
2020-05,3.056346366284547,-0.23019853360932382,1.0665873429690764,-1.267590888014568,-0.7758838248887729
2020-06,3.3061908239177487,0.42179619978673394,1.3091771278906592,0.6607110017556805,-1.259715426395684
2020-07,3.737162497646811,0.6774093684490213,1.650152077858031,-1.46043732835038,-0.580555982629591
2020-08,2.907272880535803,0.4360655991060216,1.377760076308202,-1.7932250990385035,-0.6383033521463864
2020-09,2.35977146083628,0.2092722003634566,1.5926338468986478,-2.140975712797004,0.024793801948522928
2020-10,2.9069582242605265,-0.7033159365105351,1.0888115152175766,-0.6403080489639631,-0.7977930294251818
2020-11,2.814689671925617,1.410050996195743,2.226405177730383,-2.4999547309978034,0.10184133978697099
2020-12,2.4477862007208286,0.20727374930916745,1.485949175664378,-2.3373845517808918,-1.4435757204015567
2021-01,3.287402628314885,0.060650537455551726,1.0761921224261517,-1.0308997997939613,-0.7673967926103507
2021-02,0.8270765300427686,0.172503983719577,1.4993543850338278,-1.4842915111702333,0.1736255763507984
2021-03,2.1064955299199704,-0.3973739359851428,0.843336975047668,-1.2486054920862093,-0.67491741347617
2021-04,3.3444435101042878,-0.2868938891448828,0.5649950368713469,-1.1655222161287382,-0.6204769494457134
2021-05,2.505947690794838,2.7191542527047123,-0.6818717031294068,-0.9438506790450902,0.129975359605089
2021-06,4.045173413245217,0.06624794036505838,0.783963194559363,-1.1333575523937556,-1.3159656248801856
2021-07,3.6462214543451448,-0.21174158664559253,0.3217237797611876,-1.1569017849912386,-0.9728236174952459
2021-08,2.819248621749345,0.2828372470353023,1.1096831169146264,-1.2074295395278618,-2.151184445778847
2021-09,2.985292992882116,-0.45270994936339837,0.5778789822431882,-1.6723104241228468,-1.50439045948742
2021-10,2.2924188440494664,-0.940243224328125,-0.24853317358521707,-1.804534253177074,-2.0240492555400276
2021-11,1.4070058898227622,-1.027267581184054,-0.5452302861337143,-1.0709439173262523,-0.7802335717522685
2021-12,0.7801080173692089,-0.3298883720588424,-0.27484873852152,-0.5247476684545933,-0.29821924391758936
2022-01,5.841532850957093,-1.2308203933430015,0.4615656171145631,-1.516351053386032,-0.997782090336691
2022-02,11.708996662353567,-3.9270399151180637,-1.9538108584427114,1.4180726269930486,0.9375398992441261
2022-03,22.014610583536196,-4.322009563502414,-2.601693538657575,3.219825160430313,2.5584140655822907
2022-04,11.983313229513936,-3.974624643974752,-1.8546228147836317,2.0709990730964503,-0.214125940624989
2022-05,13.335889944914989,-3.233691765768162,-0.927982946621369,-0.10537231298289909,-0.7789044006632302
2022-06,10.258534161330713,-2.3284270734858326,-1.1495656407725834,-0.592807966719731,0.5214881201590104
2022-07,9.149729200542492,-2.58053962793215,0.2024658074339754,-0.7289630574490323,0.24350775067225294
2022-08,10.026814407602318,-2.7995304465857593,-1.4303666282454195,0.5103654297107268,-0.8093398204375809
2022-09,7.771535933584398,-2.371967857381165,-0.2231273809993572,0.12159339836360188,-0.14549874902214166
2022-10,2.0208309458774845,-0.3585351845034765,-0.3092185990039875,-0.43134459169383865,-0.48915258742638174
2022-11,0.13033023365756094,-0.8116094719925252,-0.31380010229333805,-0.8659648871766829,-0.5930569630418169
2022-12,0.27246794713281564,-1.2685969952579639,-0.6357719259643648,-0.4583657795650104,-0.036789090930081425
2023-01,0.6205824123067561,-0.5868190236747679,-0.725214578123318,-0.28418903639806326,-0.9721097613738274
2023-02,1.9984891613188156,-1.547787061416905,-1.0822597125071958,0.37906770470766193,-0.830509439790802
2023-03,1.2676534410509792,-1.1926782297289056,-1.1642105456498646,-0.0017612180920543179,-1.2277394098436032
2023-04,1.0843798717879378,-1.0512692127584824,-0.7625873134523048,0.2171514323630857,-1.1457791065851044
2023-05,0.8229348834167706,-0.9257017662047251,-0.3365923064692022,0.16966880320538238,-1.2398329520733593
2023-06,-1.0770923223886393,-0.7461927459120826,-0.9727543157232675,-0.6665518591334043,-0.12660239842673948
2023-07,0.038743806540789696,-1.0605340581044957,-1.0427811305257066,-0.27052633714074054,-0.6767320603215907
2023-08,0.7607916996052976,-0.6427003353503548,0.31226674072419097,-0.5400215114916364,-1.07207286506177
2023-09,0.6957492475964877,-1.0430894253932925,-0.9556196071466091,0.134319038430202,-0.7480610719494194
2023-10,5.5529530337909305,9.178863402793615,-4.358386192296709,0.5189246345011106,2.269646258903134
2023-11,2.9407072586823655,5.561291238045559,-3.587658414735623,-0.5214085927476184,0.6439368802682105
2023-12,3.2631785801215307,3.8011545244420084,-1.8529402405751971,-0.2720079188040511,0.5882292798770986
2024-01,5.790045761381975,4.3100929080314065,-1.1289882734897154,0.6738183759024771,-0.5882022955078349
2024-02,2.062174139267812,1.2322314158092285,-2.33701525985431,-0.5360565605277068,-0.31967919244416104
2024-03,3.1795460912813063,1.1576356068602374,-2.1278447830261173,0.4184104526857093,0.13935387896799062
2024-04,3.234090111454345,3.047876518245492,-2.3630126308280817,-0.2557374939450613,-0.2572815628483282
2024-05,3.713888601348183,1.5561224721275104,-2.1664487337290876,-0.22337116832747636,0.8899617565226712
2024-06,1.787695091744989,2.1390611563037676,-1.9595236120128767,0.8944816332695279,-0.6875635653195409
2024-07,2.016244623546756,1.3441565322953755,-1.4755126729407277,0.8541124122101448,-0.42465306648670387
2024-08,1.6866685115209625,2.394150310508027,-2.5065146226063866,-0.6016301152953787,0.46697616794273633
2024-09,4.4096721598722235,2.8792279224124124,-2.111466285902062,0.02547330518384364,-0.3733886246719093
2024-10,5.298834210176323,4.719617145374578,-2.041622511995408,2.0784116526750496,-0.217024473984986
2024-11,3.7524119858525924,1.5095568335302394,-2.972127502886255,0.038977023603638916,-0.2536731251363174
2024-12,1.3413723380996834,0.014058756430058461,-1.235213419429396,0.41601037548451514,1.0916267981426655
2025-01,3.588184034331396,1.5414389568826998,-1.8184018557968273,0.025046956163873438,-0.7027317188131095
2025-02,8.163084315181003,0.8394114700160955,-2.623052361892236,0.1148176588148031,0.7191327197011943
2025-03,12.710282072302661,0.9027411955322989,-2.644960173636295,1.2299542418304568,-0.13392420863230653
2025-04,11.122050568760612,0.7836162189679987,-1.7816386094234784,-0.16632812137477418,-2.1339389885814266
2025-05,9.153481394777518,0.9157903403591211,-2.730654955718032,1.3108165297533505,-1.9441755567121786
2025-06,9.244565151024005,8.370717182836342,-2.5919884595079687,-1.0127113700107113,1.8644857619994748
2025-07,7.5525967119758235,1.2388447112071794,-1.3661649761951327,-0.5095088039913067,-0.8762003188867356
2025-08,6.923091408731659,2.162839635919007,-2.163364543794397,-0.2784662350821454,-0.31800332289782685
2025-09,8.649889248534382,1.7592586074402239,-2.124053913344285,-1.4657419995672167,-0.3697781490776267
2025-10,7.438348293159464,1.9849389756787192,-2.4940135968656727,-0.24646996367740914,-0.6829570760808552
2025-11,7.9559595093877595,0.8153507380427365,-0.9352325858606602,-0.9593970925109534,-0.12020448766417924
2025-12,6.682177574837836,0.19126282987021923,-1.8125641910134065,-0.0997077937405137,-0.26628913673752785
